Date,Time,TxBat(V),RSSI(dB),RX,SWR,VFR(%),RxBatt(V),LiPo1(V),LiPo2(V),LiPo3(V),LiPo4(V),LiPo5(V),LiPo6(V),LiPo7(V),LiPo8(V),LiPo1(V),LiPo2(V),LiPo3(V),LiPo4(V),LiPo5(V),LiPo6(V),LiPo7(V),LiPo8(V),Altitude(m),VSpeed(m/s),RPM(rpm),Current(A),GPS,GPS clock(),GPS speed(nudos),GPS alt(m),GPS course(°),ADC2(V),Air speed(nudos),VFAS(V),RB Ch. State(),RB State(),R.angle(°),P.angle(°),GASS temp1(°C),GASS temp2(°C),GASS RPM(rpm),GASS res. vol.(ml),GASS res. %(%),GASS flow(ml/min),GASS max flow(ml/min),GASS avg flow(ml/min),H.pressure(Pa),ESC RPM(rpm),ESC consumption(mAh),RxBatt1(V),RxBatt2(V),RxCurrent(A),Rx Quality(%),Rx RSSI1(dB),Rx RSSI2(dB),Antenna,Rx SNR(dB),RF Mode,Tx Power,Tx Quality(%),Tx RSSI(dB),Tx SNR(dB),Timón,Profundidad,Motor,Alerón,Pot1,Pot2,Pot3,Deslizador izquierdo,Deslizador derecho,SA,SB,SC,SD,SE,SF,SG,SH,SI,SJ,LS1,LS2,LS3,LS4,LS5,
2024-12-12,11:23:32.280,7.50,64,0,32,100,5.38,3.20,3.20,,,,,,,3.20,3.20,3.20,3.20,3.20,3.20,,,0.00,1.04,360,36.0,31.212543 -21.765524,2022-08-02 20:01:07,20.480,0.00,0.16,36.00,80.0,8.00,CH1CH2CH3CH4CH5CH6CH7CH8CH9CH10CH11CH12CH13CH14CH15CH16 KO,RX1 Overload, RX2 Overload, SBUS Overload, RX1 Failsafe, RX1 Lost Frame, RX2 Failsafe, RX2 Lost Frame, RX1 Connection Lost, RX2 Connection Lost, RX1 No Signal, RX2 No Signal, RX3 Failsafe, RX3 Lost Frame, RX3 Connection Lost, RX3 No Signal,7.52,-2.62,,,,,,,,,800,80000,0,1.75,4.30,0.18,35,-116,-116,1,-116,5,0,18,-116,-55,0,0,0,0,0,0,0,0,0,-1,-1,-1,-1,-1,-1,-1,-1,-1,-1,0,0,1,1,0,
2024-12-12,11:23:32.770,7.50,64,0,32,100,5.38,3.20,3.20,,,,,,,3.20,3.20,3.20,3.20,3.20,3.20,,,0.00,1.04,360,36.0,31.212543 -21.765524,2022-08-02 20:01:07,20.480,0.00,0.16,36.00,80.0,8.00,CH1CH2CH3CH4CH5CH6CH7CH8CH9CH10CH11CH12CH13CH14CH15CH16 KO,RX1 Overload, RX2 Overload, SBUS Overload, RX1 Failsafe, RX1 Lost Frame, RX2 Failsafe, RX2 Lost Frame, RX1 Connection Lost, RX2 Connection Lost, RX1 No Signal, RX2 No Signal, RX3 Failsafe, RX3 Lost Frame, RX3 Connection Lost, RX3 No Signal,7.52,-2.62,,,,,,,,,800,80000,0,1.75,4.30,0.18,35,-116,-116,1,-116,5,0,18,-116,-55,0,0,0,0,0,0,0,0,0,-1,-1,-1,-1,-1,-1,-1,-1,-1,-1,0,0,1,1,0,
2024-12-12,11:23:33.030,7.50,64,0,32,100,5.38,3.20,3.20,,,,,,,3.20,3.20,3.20,3.20,3.20,3.20,,,0.00,1.04,360,36.0,31.212543 -21.765524,2022-08-02 20:01:07,20.480,0.00,0.16,36.00,80.0,8.00,CH1CH2CH3CH4CH5CH6CH7CH8CH9CH10CH11CH12CH13CH14CH15CH16 KO,RX1 Overload, RX2 Overload, SBUS Overload, RX1 Failsafe, RX1 Lost Frame, RX2 Failsafe, RX2 Lost Frame, RX1 Connection Lost, RX2 Connection Lost, RX1 No Signal, RX2 No Signal, RX3 Failsafe, RX3 Lost Frame, RX3 Connection Lost, RX3 No Signal,7.52,-2.62,,,,,,,,,800,80000,0,1.75,4.30,0.18,35,-116,-116,1,-116,5,0,18,-116,-55,0,0,0,0,0,0,0,0,0,-1,-1,-1,-1,-1,-1,-1,-1,-1,-1,0,0,1,1,0,
2024-12-12,11:23:33.300,7.50,64,0,32,100,5.38,3.20,3.20,,,,,,,3.20,3.20,3.20,3.20,3.20,3.20,,,0.00,1.04,360,36.0,31.212543 -21.765524,2022-08-02 20:01:07,20.480,0.00,0.16,36.00,80.0,8.00,CH1CH2CH3CH4CH5CH6CH7CH8CH9CH10CH11CH12CH13CH14CH15CH16 KO,RX1 Overload, RX2 Overload, SBUS Overload, RX1 Failsafe, RX1 Lost Frame, RX2 Failsafe, RX2 Lost Frame, RX1 Connection Lost, RX2 Connection Lost, RX1 No Signal, RX2 No Signal, RX3 Failsafe, RX3 Lost Frame, RX3 Connection Lost, RX3 No Signal,7.52,-2.62,,,,,,,,,800,80000,0,1.75,4.30,0.18,35,-116,-116,1,-116,5,0,18,-116,-55,0,0,0,0,0,0,0,0,0,-1,-1,-1,-1,-1,-1,-1,-1,-1,-1,0,0,1,1,0,
2024-12-12,11:23:33.570,7.50,64,0,32,100,5.38,3.20,3.20,,,,,,,3.20,3.20,3.20,3.20,3.20,3.20,,,0.00,1.04,360,36.0,31.212543 -21.765524,2022-08-02 20:01:07,20.480,0.00,0.16,36.00,80.0,8.00,CH1CH2CH3CH4CH5CH6CH7CH8CH9CH10CH11CH12CH13CH14CH15CH16 KO,RX1 Overload, RX2 Overload, SBUS Overload, RX1 Failsafe, RX1 Lost Frame, RX2 Failsafe, RX2 Lost Frame, RX1 Connection Lost, RX2 Connection Lost, RX1 No Signal, RX2 No Signal, RX3 Failsafe, RX3 Lost Frame, RX3 Connection Lost, RX3 No Signal,7.52,-2.62,,,,,,,,,800,80000,0,1.75,4.30,0.18,35,-116,-116,1,-116,5,0,18,-116,-55,0,0,0,0,0,0,0,0,0,-1,-1,-1,-1,-1,-1,-1,-1,-1,-1,0,0,1,1,0,
2024-12-12,11:23:33.840,7.50,64,0,32,100,5.38,3.20,3.20,,,,,,,3.20,3.20,3.20,3.20,3.20,3.20,,,0.00,1.04,360,36.0,31.212543 -21.765524,2022-08-02 20:01:07,20.480,0.00,0.16,36.00,80.0,8.00,CH1CH2CH3CH4CH5CH6CH7CH8CH9CH10CH11CH12CH13CH14CH15CH16 KO,RX1 Overload, RX2 Overload, SBUS Overload, RX1 Failsafe, RX1 Lost Frame, RX2 Failsafe, RX2 Lost Frame, RX1 Connection Lost, RX2 Connection Lost, RX1 No Signal, RX2 No Signal, RX3 Failsafe, RX3 Lost Frame, RX3 Connection Lost, RX3 No Signal,7.52,-2.62,,,,,,,,,800,80000,0,1.75,4.30,0.18,35,-116,-116,1,-116,5,0,18,-116,-55,0,0,0,0,0,0,0,0,0,-1,-1,-1,-1,-1,-1,-1,-1,-1,-1,0,0,1,1,0,
2024-12-12,11:23:34.110,7.50,64,0,32,100,5.38,3.20,3.20,,,,,,,3.20,3.20,3.20,3.20,3.20,3.20,,,0.00,1.04,360,36.0,31.212543 -21.765524,2022-08-02 20:01:07,20.480,0.00,0.16,36.00,80.0,8.00,CH1CH2CH3CH4CH5CH6CH7CH8CH9CH10CH11CH12CH13CH14CH15CH16 KO,RX1 Overload, RX2 Overload, SBUS Overload, RX1 Failsafe, RX1 Lost Frame, RX2 Failsafe, RX2 Lost Frame, RX1 Connection Lost, RX2 Connection Lost, RX1 No Signal, RX2 No Signal, RX3 Failsafe, RX3 Lost Frame, RX3 Connection Lost, RX3 No Signal,7.52,-2.62,,,,,,,,,800,80000,0,1.75,4.30,0.18,35,-116,-116,1,-116,5,0,18,-116,-55,0,0,0,0,0,0,0,0,0,-1,-1,-1,-1,-1,-1,-1,-1,-1,-1,0,0,1,1,0,
2024-12-12,11:23:34.380,7.50,64,0,32,100,5.38,3.20,3.20,,,,,,,3.20,3.20,3.20,3.20,3.20,3.20,,,0.00,1.04,360,36.0,31.212543 -21.765524,2022-08-02 20:01:07,20.480,0.00,0.16,36.00,80.0,8.00,CH1CH2CH3CH4CH5CH6CH7CH8CH9CH10CH11CH12CH13CH14CH15CH16 KO,RX1 Overload, RX2 Overload, SBUS Overload, RX1 Failsafe, RX1 Lost Frame, RX2 Failsafe, RX2 Lost Frame, RX1 Connection Lost, RX2 Connection Lost, RX1 No Signal, RX2 No Signal, RX3 Failsafe, RX3 Lost Frame, RX3 Connection Lost, RX3 No Signal,7.52,-2.62,,,,,,,,,800,80000,0,1.75,4.30,0.18,35,-116,-116,1,-116,5,0,18,-116,-55,0,0,0,0,0,0,0,0,0,-1,-1,-1,-1,-1,-1,-1,-1,-1,-1,0,0,1,1,0,
2024-12-12,11:23:34.650,7.50,64,0,32,100,5.38,3.20,3.20,,,,,,,3.20,3.20,3.20,3.20,3.20,3.20,,,0.00,1.04,360,36.0,31.212543 -21.765524,2022-08-02 20:01:07,20.480,0.00,0.16,36.00,80.0,8.00,CH1CH2CH3CH4CH5CH6CH7CH8CH9CH10CH11CH12CH13CH14CH15CH16 KO,RX1 Overload, RX2 Overload, SBUS Overload, RX1 Failsafe, RX1 Lost Frame, RX2 Failsafe, RX2 Lost Frame, RX1 Connection Lost, RX2 Connection Lost, RX1 No Signal, RX2 No Signal, RX3 Failsafe, RX3 Lost Frame, RX3 Connection Lost, RX3 No Signal,7.52,-2.62,,,,,,,,,800,80000,0,1.75,4.30,0.18,35,-116,-116,1,-116,5,0,18,-116,-55,0,0,0,0,0,0,0,0,0,-1,-1,-1,-1,-1,-1,-1,-1,-1,-1,0,0,1,1,0,
2024-12-12,11:23:34.920,7.50,64,0,32,100,5.38,3.20,3.20,,,,,,,3.20,3.20,3.20,3.20,3.20,3.20,,,0.00,1.04,360,36.0,31.212543 -21.765524,2022-08-02 20:01:07,20.480,0.00,0.16,36.00,80.0,8.00,CH1CH2CH3CH4CH5CH6CH7CH8CH9CH10CH11CH12CH13CH14CH15CH16 KO,RX1 Overload, RX2 Overload, SBUS Overload, RX1 Failsafe, RX1 Lost Frame, RX2 Failsafe, RX2 Lost Frame, RX1 Connection Lost, RX2 Connection Lost, RX1 No Signal, RX2 No Signal, RX3 Failsafe, RX3 Lost Frame, RX3 Connection Lost, RX3 No Signal,7.52,-2.62,,,,,,,,,800,80000,0,1.75,4.30,0.18,35,-116,-116,1,-116,5,0,18,-116,-55,0,0,0,0,0,0,0,0,0,-1,-1,-1,-1,-1,-1,-1,-1,-1,-1,0,0,1,1,0,
2024-12-12,11:23:35.190,7.50,64,0,32,100,5.38,3.20,3.20,,,,,,,3.20,3.20,3.20,3.20,3.20,3.20,,,0.00,1.04,360,36.0,31.212543 -21.765524,2022-08-02 20:01:07,20.480,0.00,0.16,36.00,80.0,8.00,CH1CH2CH3CH4CH5CH6CH7CH8CH9CH10CH11CH12CH13CH14CH15CH16 KO,RX1 Overload, RX2 Overload, SBUS Overload, RX1 Failsafe, RX1 Lost Frame, RX2 Failsafe, RX2 Lost Frame, RX1 Connection Lost, RX2 Connection Lost, RX1 No Signal, RX2 No Signal, RX3 Failsafe, RX3 Lost Frame, RX3 Connection Lost, RX3 No Signal,7.52,-2.62,,,,,,,,,800,80000,0,1.75,4.30,0.18,35,-116,-116,1,-116,5,0,18,-116,-55,0,0,0,0,0,0,0,0,0,-1,-1,-1,-1,-1,-1,-1,-1,-1,-1,0,0,1,1,0,
2024-12-12,11:23:35.460,7.50,64,0,32,100,5.38,3.20,3.20,,,,,,,3.20,3.20,3.20,3.20,3.20,3.20,,,0.00,1.04,360,36.0,31.212543 -21.765524,2022-08-02 20:01:07,20.480,0.00,0.16,36.00,80.0,8.00,CH1CH2CH3CH4CH5CH6CH7CH8CH9CH10CH11CH12CH13CH14CH15CH16 KO,RX1 Overload, RX2 Overload, SBUS Overload, RX1 Failsafe, RX1 Lost Frame, RX2 Failsafe, RX2 Lost Frame, RX1 Connection Lost, RX2 Connection Lost, RX1 No Signal, RX2 No Signal, RX3 Failsafe, RX3 Lost Frame, RX3 Connection Lost, RX3 No Signal,7.52,-2.62,,,,,,,,,800,80000,0,1.75,4.30,0.18,35,-116,-116,1,-116,5,0,18,-116,-55,0,0,0,0,0,0,0,0,0,-1,-1,-1,-1,-1,-1,-1,-1,-1,-1,0,0,1,1,0,
2024-12-12,11:23:35.730,7.50,64,0,32,100,5.38,3.20,3.20,,,,,,,3.20,3.20,3.20,3.20,3.20,3.20,,,0.00,1.04,360,36.0,31.212543 -21.765524,2022-08-02 20:01:07,20.480,0.00,0.16,36.00,80.0,8.00,CH1CH2CH3CH4CH5CH6CH7CH8CH9CH10CH11CH12CH13CH14CH15CH16 KO,RX1 Overload, RX2 Overload, SBUS Overload, RX1 Failsafe, RX1 Lost Frame, RX2 Failsafe, RX2 Lost Frame, RX1 Connection Lost, RX2 Connection Lost, RX1 No Signal, RX2 No Signal, RX3 Failsafe, RX3 Lost Frame, RX3 Connection Lost, RX3 No Signal,7.52,-2.62,,,,,,,,,800,80000,0,1.75,4.30,0.18,35,-116,-116,1,-116,5,0,18,-116,-55,0,0,0,0,0,0,0,0,0,-1,-1,-1,-1,-1,-1,-1,-1,-1,-1,0,0,1,1,0,
2024-12-12,11:23:36.000,7.50,64,0,32,100,5.38,3.20,3.20,,,,,,,3.20,3.20,3.20,3.20,3.20,3.20,,,0.00,1.04,360,36.0,31.212543 -21.765524,2022-08-02 20:01:07,20.480,0.00,0.16,36.00,80.0,8.00,CH1CH2CH3CH4CH5CH6CH7CH8CH9CH10CH11CH12CH13CH14CH15CH16 KO,RX1 Overload, RX2 Overload, SBUS Overload, RX1 Failsafe, RX1 Lost Frame, RX2 Failsafe, RX2 Lost Frame, RX1 Connection Lost, RX2 Connection Lost, RX1 No Signal, RX2 No Signal, RX3 Failsafe, RX3 Lost Frame, RX3 Connection Lost, RX3 No Signal,7.52,-2.62,,,,,,,,,800,80000,0,1.75,4.30,0.18,35,-116,-116,1,-116,5,0,18,-116,-55,0,0,0,0,0,0,0,0,0,-1,-1,-1,-1,-1,-1,-1,-1,-1,-1,0,0,1,1,0,
2024-12-12,11:23:36.270,7.50,64,0,32,100,5.38,3.20,3.20,,,,,,,3.20,3.20,3.20,3.20,3.20,3.20,,,0.00,1.04,360,36.0,31.212543 -21.765524,2022-08-02 20:01:07,20.480,0.00,0.16,36.00,80.0,8.00,CH1CH2CH3CH4CH5CH6CH7CH8CH9CH10CH11CH12CH13CH14CH15CH16 KO,RX1 Overload, RX2 Overload, SBUS Overload, RX1 Failsafe, RX1 Lost Frame, RX2 Failsafe, RX2 Lost Frame, RX1 Connection Lost, RX2 Connection Lost, RX1 No Signal, RX2 No Signal, RX3 Failsafe, RX3 Lost Frame, RX3 Connection Lost, RX3 No Signal,7.52,-2.62,,,,,,,,,800,80000,0,1.75,4.30,0.18,35,-116,-116,1,-116,5,0,18,-116,-55,0,0,0,0,0,0,0,0,0,-1,-1,-1,-1,-1,-1,-1,-1,-1,-1,0,0,1,1,0,
2024-12-12,11:23:36.530,7.50,64,0,32,100,5.38,3.20,3.20,,,,,,,3.20,3.20,3.20,3.20,3.20,3.20,,,0.00,1.04,360,36.0,31.212543 -21.765524,2022-08-02 20:01:07,20.480,0.00,0.16,36.00,80.0,8.00,CH1CH2CH3CH4CH5CH6CH7CH8CH9CH10CH11CH12CH13CH14CH15CH16 KO,RX1 Overload, RX2 Overload, SBUS Overload, RX1 Failsafe, RX1 Lost Frame, RX2 Failsafe, RX2 Lost Frame, RX1 Connection Lost, RX2 Connection Lost, RX1 No Signal, RX2 No Signal, RX3 Failsafe, RX3 Lost Frame, RX3 Connection Lost, RX3 No Signal,7.52,-2.62,,,,,,,,,800,80000,0,1.75,4.30,0.18,35,-116,-116,1,-116,5,0,18,-116,-55,0,0,0,0,0,0,0,0,0,-1,-1,-1,-1,-1,-1,-1,-1,-1,-1,0,0,1,1,0,
2024-12-12,11:23:36.800,7.50,64,0,32,100,5.38,3.20,3.20,,,,,,,3.20,3.20,3.20,3.20,3.20,3.20,,,0.00,1.04,360,36.0,31.212543 -21.765524,2022-08-02 20:01:07,20.480,0.00,0.16,36.00,80.0,8.00,CH1CH2CH3CH4CH5CH6CH7CH8CH9CH10CH11CH12CH13CH14CH15CH16 KO,RX1 Overload, RX2 Overload, SBUS Overload, RX1 Failsafe, RX1 Lost Frame, RX2 Failsafe, RX2 Lost Frame, RX1 Connection Lost, RX2 Connection Lost, RX1 No Signal, RX2 No Signal, RX3 Failsafe, RX3 Lost Frame, RX3 Connection Lost, RX3 No Signal,7.52,-2.62,,,,,,,,,800,80000,0,1.75,4.30,0.18,35,-116,-116,1,-116,5,0,18,-116,-55,0,0,0,0,0,0,0,0,0,-1,-1,-1,-1,-1,-1,-1,-1,-1,-1,0,0,1,1,0,
2024-12-12,11:23:37.060,7.50,64,0,32,100,5.38,3.20,3.20,,,,,,,3.20,3.20,3.20,3.20,3.20,3.20,,,0.00,1.04,360,36.0,31.212543 -21.765524,2022-08-02 20:01:07,20.480,0.00,0.16,36.00,80.0,8.00,CH1CH2CH3CH4CH5CH6CH7CH8CH9CH10CH11CH12CH13CH14CH15CH16 KO,RX1 Overload, RX2 Overload, SBUS Overload, RX1 Failsafe, RX1 Lost Frame, RX2 Failsafe, RX2 Lost Frame, RX1 Connection Lost, RX2 Connection Lost, RX1 No Signal, RX2 No Signal, RX3 Failsafe, RX3 Lost Frame, RX3 Connection Lost, RX3 No Signal,7.52,-2.62,,,,,,,,,800,80000,0,1.75,4.30,0.18,35,-116,-116,1,-116,5,0,18,-116,-55,0,0,0,0,0,0,0,0,0,-1,-1,-1,-1,-1,-1,-1,-1,-1,-1,0,0,1,1,0,
2024-12-12,11:23:37.320,7.50,64,0,32,100,5.38,3.20,3.20,,,,,,,3.20,3.20,3.20,3.20,3.20,3.20,,,0.00,1.04,360,36.0,31.212543 -21.765524,2022-08-02 20:01:07,20.480,0.00,0.16,36.00,80.0,8.00,CH1CH2CH3CH4CH5CH6CH7CH8CH9CH10CH11CH12CH13CH14CH15CH16 KO,RX1 Overload, RX2 Overload, SBUS Overload, RX1 Failsafe, RX1 Lost Frame, RX2 Failsafe, RX2 Lost Frame, RX1 Connection Lost, RX2 Connection Lost, RX1 No Signal, RX2 No Signal, RX3 Failsafe, RX3 Lost Frame, RX3 Connection Lost, RX3 No Signal,7.52,-2.62,,,,,,,,,800,80000,0,1.75,4.30,0.18,35,-116,-116,1,-116,5,0,18,-116,-55,0,0,0,0,0,0,0,0,0,-1,-1,-1,-1,-1,-1,-1,-1,-1,-1,0,0,1,1,0,
2024-12-12,11:23:37.590,7.50,64,0,32,100,5.38,3.20,3.20,,,,,,,3.20,3.20,3.20,3.20,3.20,3.20,,,0.00,1.04,360,36.0,31.212543 -21.765524,2022-08-02 20:01:07,20.480,0.00,0.16,36.00,80.0,8.00,CH1CH2CH3CH4CH5CH6CH7CH8CH9CH10CH11CH12CH13CH14CH15CH16 KO,RX1 Overload, RX2 Overload, SBUS Overload, RX1 Failsafe, RX1 Lost Frame, RX2 Failsafe, RX2 Lost Frame, RX1 Connection Lost, RX2 Connection Lost, RX1 No Signal, RX2 No Signal, RX3 Failsafe, RX3 Lost Frame, RX3 Connection Lost, RX3 No Signal,7.52,-2.62,,,,,,,,,800,80000,0,1.75,4.30,0.18,35,-116,-116,1,-116,5,0,18,-116,-55,0,0,0,0,0,0,0,0,0,-1,-1,-1,-1,-1,-1,-1,-1,-1,-1,0,0,1,1,0,
2024-12-12,11:23:37.860,7.50,64,0,32,100,5.38,3.20,3.20,,,,,,,3.20,3.20,3.20,3.20,3.20,3.20,,,0.00,1.04,360,36.0,31.212543 -21.765524,2022-08-02 20:01:07,20.480,0.00,0.16,36.00,80.0,8.00,CH1CH2CH3CH4CH5CH6CH7CH8CH9CH10CH11CH12CH13CH14CH15CH16 KO,RX1 Overload, RX2 Overload, SBUS Overload, RX1 Failsafe, RX1 Lost Frame, RX2 Failsafe, RX2 Lost Frame, RX1 Connection Lost, RX2 Connection Lost, RX1 No Signal, RX2 No Signal, RX3 Failsafe, RX3 Lost Frame, RX3 Connection Lost, RX3 No Signal,7.52,-2.62,,,,,,,,,800,80000,0,1.75,4.30,0.18,35,-116,-116,1,-116,5,0,18,-116,-55,0,0,0,0,0,0,0,0,0,-1,-1,-1,-1,-1,-1,-1,-1,-1,-1,0,0,1,1,0,
2024-12-12,11:23:38.130,7.50,64,0,32,100,5.38,3.20,3.20,,,,,,,3.20,3.20,3.20,3.20,3.20,3.20,,,0.00,1.04,360,36.0,31.212543 -21.765524,2022-08-02 20:01:07,20.480,0.00,0.16,36.00,80.0,8.00,CH1CH2CH3CH4CH5CH6CH7CH8CH9CH10CH11CH12CH13CH14CH15CH16 KO,RX1 Overload, RX2 Overload, SBUS Overload, RX1 Failsafe, RX1 Lost Frame, RX2 Failsafe, RX2 Lost Frame, RX1 Connection Lost, RX2 Connection Lost, RX1 No Signal, RX2 No Signal, RX3 Failsafe, RX3 Lost Frame, RX3 Connection Lost, RX3 No Signal,7.52,-2.62,,,,,,,,,800,80000,0,1.75,4.30,0.18,35,-116,-116,1,-116,5,0,18,-116,-55,0,0,0,0,0,0,0,0,0,-1,-1,-1,-1,-1,-1,-1,-1,-1,-1,0,0,1,1,0,
2024-12-12,11:23:38.400,7.50,64,0,32,100,5.38,3.20,3.20,,,,,,,3.20,3.20,3.20,3.20,3.20,3.20,,,0.00,1.04,360,36.0,31.212543 -21.765524,2022-08-02 20:01:07,20.480,0.00,0.16,36.00,80.0,8.00,CH1CH2CH3CH4CH5CH6CH7CH8CH9CH10CH11CH12CH13CH14CH15CH16 KO,RX1 Overload, RX2 Overload, SBUS Overload, RX1 Failsafe, RX1 Lost Frame, RX2 Failsafe, RX2 Lost Frame, RX1 Connection Lost, RX2 Connection Lost, RX1 No Signal, RX2 No Signal, RX3 Failsafe, RX3 Lost Frame, RX3 Connection Lost, RX3 No Signal,7.52,-2.62,,,,,,,,,800,80000,0,1.75,4.30,0.18,35,-116,-116,1,-116,5,0,18,-116,-55,0,0,0,0,0,0,0,0,0,-1,-1,-1,-1,-1,-1,-1,-1,-1,-1,0,0,1,1,0,
2024-12-12,11:23:38.670,7.50,64,0,32,100,5.38,3.20,3.20,,,,,,,3.20,3.20,3.20,3.20,3.20,3.20,,,0.00,1.04,360,36.0,31.212543 -21.765524,2022-08-02 20:01:07,20.480,0.00,0.16,36.00,80.0,8.00,CH1CH2CH3CH4CH5CH6CH7CH8CH9CH10CH11CH12CH13CH14CH15CH16 KO,RX1 Overload, RX2 Overload, SBUS Overload, RX1 Failsafe, RX1 Lost Frame, RX2 Failsafe, RX2 Lost Frame, RX1 Connection Lost, RX2 Connection Lost, RX1 No Signal, RX2 No Signal, RX3 Failsafe, RX3 Lost Frame, RX3 Connection Lost, RX3 No Signal,7.52,-2.62,,,,,,,,,800,80000,0,1.75,4.30,0.18,35,-116,-116,1,-116,5,0,18,-116,-55,0,0,0,0,0,0,0,0,0,-1,-1,-1,-1,-1,-1,-1,-1,-1,-1,0,0,1,1,0,
2024-12-12,11:23:38.930,7.50,64,0,32,100,5.38,3.20,3.20,,,,,,,3.20,3.20,3.20,3.20,3.20,3.20,,,0.00,1.04,360,36.0,31.212543 -21.765524,2022-08-02 20:01:07,20.480,0.00,0.16,36.00,80.0,8.00,CH1CH2CH3CH4CH5CH6CH7CH8CH9CH10CH11CH12CH13CH14CH15CH16 KO,RX1 Overload, RX2 Overload, SBUS Overload, RX1 Failsafe, RX1 Lost Frame, RX2 Failsafe, RX2 Lost Frame, RX1 Connection Lost, RX2 Connection Lost, RX1 No Signal, RX2 No Signal, RX3 Failsafe, RX3 Lost Frame, RX3 Connection Lost, RX3 No Signal,7.52,-2.62,,,,,,,,,800,80000,0,1.75,4.30,0.18,35,-116,-116,1,-116,5,0,18,-116,-55,0,0,0,0,0,0,0,0,0,-1,-1,-1,-1,-1,-1,-1,-1,-1,-1,0,0,1,1,0,
2024-12-12,11:23:39.200,7.50,64,0,32,100,5.38,3.20,3.20,,,,,,,3.20,3.20,3.20,3.20,3.20,3.20,,,0.00,1.04,360,36.0,31.212543 -21.765524,2022-08-02 20:01:07,20.480,0.00,0.16,36.00,80.0,8.00,CH1CH2CH3CH4CH5CH6CH7CH8CH9CH10CH11CH12CH13CH14CH15CH16 KO,RX1 Overload, RX2 Overload, SBUS Overload, RX1 Failsafe, RX1 Lost Frame, RX2 Failsafe, RX2 Lost Frame, RX1 Connection Lost, RX2 Connection Lost, RX1 No Signal, RX2 No Signal, RX3 Failsafe, RX3 Lost Frame, RX3 Connection Lost, RX3 No Signal,7.52,-2.62,,,,,,,,,800,80000,0,1.75,4.30,0.18,35,-116,-116,1,-116,5,0,18,-116,-55,0,0,0,0,0,0,0,0,0,-1,-1,-1,-1,-1,-1,-1,-1,-1,-1,0,0,1,1,0,
2024-12-12,11:23:39.470,7.50,64,0,32,100,5.38,3.20,3.20,,,,,,,3.20,3.20,3.20,3.20,3.20,3.20,,,0.00,1.04,360,36.0,31.212543 -21.765524,2022-08-02 20:01:07,20.480,0.00,0.16,36.00,80.0,8.00,CH1CH2CH3CH4CH5CH6CH7CH8CH9CH10CH11CH12CH13CH14CH15CH16 KO,RX1 Overload, RX2 Overload, SBUS Overload, RX1 Failsafe, RX1 Lost Frame, RX2 Failsafe, RX2 Lost Frame, RX1 Connection Lost, RX2 Connection Lost, RX1 No Signal, RX2 No Signal, RX3 Failsafe, RX3 Lost Frame, RX3 Connection Lost, RX3 No Signal,7.52,-2.62,,,,,,,,,800,80000,0,1.75,4.30,0.18,35,-116,-116,1,-116,5,0,18,-116,-55,0,0,0,0,0,0,0,0,0,-1,-1,-1,-1,-1,-1,-1,-1,-1,-1,0,0,1,1,0,
2024-12-12,11:23:39.740,7.50,64,0,32,100,5.38,3.20,3.20,,,,,,,3.20,3.20,3.20,3.20,3.20,3.20,,,0.00,1.04,360,36.0,31.212543 -21.765524,2022-08-02 20:01:07,20.480,0.00,0.16,36.00,80.0,8.00,CH1CH2CH3CH4CH5CH6CH7CH8CH9CH10CH11CH12CH13CH14CH15CH16 KO,RX1 Overload, RX2 Overload, SBUS Overload, RX1 Failsafe, RX1 Lost Frame, RX2 Failsafe, RX2 Lost Frame, RX1 Connection Lost, RX2 Connection Lost, RX1 No Signal, RX2 No Signal, RX3 Failsafe, RX3 Lost Frame, RX3 Connection Lost, RX3 No Signal,7.52,-2.62,,,,,,,,,800,80000,0,1.75,4.30,0.18,35,-116,-116,1,-116,5,0,18,-116,-55,0,0,0,0,0,0,0,0,0,-1,-1,-1,-1,-1,-1,-1,-1,-1,-1,0,0,1,1,0,
2024-12-12,11:23:40.000,7.50,64,0,32,100,5.38,3.20,3.20,,,,,,,3.20,3.20,3.20,3.20,3.20,3.20,,,0.00,1.04,360,36.0,31.212543 -21.765524,2022-08-02 20:01:07,20.480,0.00,0.16,36.00,80.0,8.00,CH1CH2CH3CH4CH5CH6CH7CH8CH9CH10CH11CH12CH13CH14CH15CH16 KO,RX1 Overload, RX2 Overload, SBUS Overload, RX1 Failsafe, RX1 Lost Frame, RX2 Failsafe, RX2 Lost Frame, RX1 Connection Lost, RX2 Connection Lost, RX1 No Signal, RX2 No Signal, RX3 Failsafe, RX3 Lost Frame, RX3 Connection Lost, RX3 No Signal,7.52,-2.62,,,,,,,,,800,80000,0,1.75,4.30,0.18,35,-116,-116,1,-116,5,0,18,-116,-55,0,0,0,0,0,0,0,0,0,-1,-1,-1,-1,-1,-1,-1,-1,-1,-1,0,0,1,1,0,
2024-12-12,11:23:40.260,7.50,64,0,32,100,5.38,3.20,3.20,,,,,,,3.20,3.20,3.20,3.20,3.20,3.20,,,0.00,1.04,360,36.0,31.212543 -21.765524,2022-08-02 20:01:07,20.480,0.00,0.16,36.00,80.0,8.00,CH1CH2CH3CH4CH5CH6CH7CH8CH9CH10CH11CH12CH13CH14CH15CH16 KO,RX1 Overload, RX2 Overload, SBUS Overload, RX1 Failsafe, RX1 Lost Frame, RX2 Failsafe, RX2 Lost Frame, RX1 Connection Lost, RX2 Connection Lost, RX1 No Signal, RX2 No Signal, RX3 Failsafe, RX3 Lost Frame, RX3 Connection Lost, RX3 No Signal,7.52,-2.62,,,,,,,,,800,80000,0,1.75,4.30,0.18,35,-116,-116,1,-116,5,0,18,-116,-55,0,0,0,0,0,0,0,0,0,-1,-1,-1,-1,-1,-1,-1,-1,-1,-1,0,0,1,1,0,
2024-12-12,11:23:40.520,7.50,64,0,32,100,5.38,3.20,3.20,,,,,,,3.20,3.20,3.20,3.20,3.20,3.20,,,0.00,1.04,360,36.0,31.212543 -21.765524,2022-08-02 20:01:07,20.480,0.00,0.16,36.00,80.0,8.00,CH1CH2CH3CH4CH5CH6CH7CH8CH9CH10CH11CH12CH13CH14CH15CH16 KO,RX1 Overload, RX2 Overload, SBUS Overload, RX1 Failsafe, RX1 Lost Frame, RX2 Failsafe, RX2 Lost Frame, RX1 Connection Lost, RX2 Connection Lost, RX1 No Signal, RX2 No Signal, RX3 Failsafe, RX3 Lost Frame, RX3 Connection Lost, RX3 No Signal,7.52,-2.62,,,,,,,,,800,80000,0,1.75,4.30,0.18,35,-116,-116,1,-116,5,0,18,-116,-55,0,0,0,0,0,0,0,0,0,-1,-1,-1,-1,-1,-1,-1,-1,-1,-1,0,0,1,1,0,
2024-12-12,11:23:40.790,7.50,64,0,32,100,5.38,3.20,3.20,,,,,,,3.20,3.20,3.20,3.20,3.20,3.20,,,0.00,1.04,360,36.0,31.212543 -21.765524,2022-08-02 20:01:07,20.480,0.00,0.16,36.00,80.0,8.00,CH1CH2CH3CH4CH5CH6CH7CH8CH9CH10CH11CH12CH13CH14CH15CH16 KO,RX1 Overload, RX2 Overload, SBUS Overload, RX1 Failsafe, RX1 Lost Frame, RX2 Failsafe, RX2 Lost Frame, RX1 Connection Lost, RX2 Connection Lost, RX1 No Signal, RX2 No Signal, RX3 Failsafe, RX3 Lost Frame, RX3 Connection Lost, RX3 No Signal,7.52,-2.62,,,,,,,,,800,80000,0,1.75,4.30,0.18,35,-116,-116,1,-116,5,0,18,-116,-55,0,0,0,0,0,0,0,0,0,-1,-1,-1,-1,-1,-1,-1,-1,-1,-1,0,0,1,1,0,
2024-12-12,11:23:41.050,7.50,64,0,32,100,5.38,3.20,3.20,,,,,,,3.20,3.20,3.20,3.20,3.20,3.20,,,0.00,1.04,360,36.0,31.212543 -21.765524,2022-08-02 20:01:07,20.480,0.00,0.16,36.00,80.0,8.00,CH1CH2CH3CH4CH5CH6CH7CH8CH9CH10CH11CH12CH13CH14CH15CH16 KO,RX1 Overload, RX2 Overload, SBUS Overload, RX1 Failsafe, RX1 Lost Frame, RX2 Failsafe, RX2 Lost Frame, RX1 Connection Lost, RX2 Connection Lost, RX1 No Signal, RX2 No Signal, RX3 Failsafe, RX3 Lost Frame, RX3 Connection Lost, RX3 No Signal,7.52,-2.62,,,,,,,,,800,80000,0,1.75,4.30,0.18,35,-116,-116,1,-116,5,0,18,-116,-55,0,0,0,0,0,0,0,0,0,-1,-1,-1,-1,-1,-1,-1,-1,-1,-1,0,0,1,1,0,
2024-12-12,11:23:41.310,7.50,64,0,32,100,5.38,3.20,3.20,,,,,,,3.20,3.20,3.20,3.20,3.20,3.20,,,0.00,1.04,360,36.0,31.212543 -21.765524,2022-08-02 20:01:07,20.480,0.00,0.16,36.00,80.0,8.00,CH1CH2CH3CH4CH5CH6CH7CH8CH9CH10CH11CH12CH13CH14CH15CH16 KO,RX1 Overload, RX2 Overload, SBUS Overload, RX1 Failsafe, RX1 Lost Frame, RX2 Failsafe, RX2 Lost Frame, RX1 Connection Lost, RX2 Connection Lost, RX1 No Signal, RX2 No Signal, RX3 Failsafe, RX3 Lost Frame, RX3 Connection Lost, RX3 No Signal,7.52,-2.62,,,,,,,,,800,80000,0,1.75,4.30,0.18,35,-116,-116,1,-116,5,0,18,-116,-55,0,0,0,0,0,0,0,0,0,-1,-1,-1,-1,-1,-1,-1,-1,-1,-1,0,0,1,1,0,
2024-12-12,11:23:41.580,7.50,64,0,32,100,5.38,3.20,3.20,,,,,,,3.20,3.20,3.20,3.20,3.20,3.20,,,0.00,1.04,360,36.0,31.212543 -21.765524,2022-08-02 20:01:07,20.480,0.00,0.16,36.00,80.0,8.00,CH1CH2CH3CH4CH5CH6CH7CH8CH9CH10CH11CH12CH13CH14CH15CH16 KO,RX1 Overload, RX2 Overload, SBUS Overload, RX1 Failsafe, RX1 Lost Frame, RX2 Failsafe, RX2 Lost Frame, RX1 Connection Lost, RX2 Connection Lost, RX1 No Signal, RX2 No Signal, RX3 Failsafe, RX3 Lost Frame, RX3 Connection Lost, RX3 No Signal,7.52,-2.62,,,,,,,,,800,80000,0,1.75,4.30,0.18,35,-116,-116,1,-116,5,0,18,-116,-55,0,0,0,0,0,0,0,0,0,-1,-1,-1,-1,-1,-1,-1,-1,-1,-1,0,0,1,1,0,
2024-12-12,11:23:41.850,7.50,64,0,32,100,5.38,3.20,3.20,,,,,,,3.20,3.20,3.20,3.20,3.20,3.20,,,0.00,1.04,360,36.0,31.212543 -21.765524,2022-08-02 20:01:07,20.480,0.00,0.16,36.00,80.0,8.00,CH1CH2CH3CH4CH5CH6CH7CH8CH9CH10CH11CH12CH13CH14CH15CH16 KO,RX1 Overload, RX2 Overload, SBUS Overload, RX1 Failsafe, RX1 Lost Frame, RX2 Failsafe, RX2 Lost Frame, RX1 Connection Lost, RX2 Connection Lost, RX1 No Signal, RX2 No Signal, RX3 Failsafe, RX3 Lost Frame, RX3 Connection Lost, RX3 No Signal,7.52,-2.62,,,,,,,,,800,80000,0,1.75,4.30,0.18,35,-116,-116,1,-116,5,0,18,-116,-55,0,0,0,0,0,0,0,0,0,-1,-1,-1,-1,-1,-1,-1,-1,-1,-1,0,0,1,1,0,
2024-12-12,11:23:42.120,7.50,64,0,32,100,5.38,3.20,3.20,,,,,,,3.20,3.20,3.20,3.20,3.20,3.20,,,0.00,1.04,360,36.0,31.212543 -21.765524,2022-08-02 20:01:07,20.480,0.00,0.16,36.00,80.0,8.00,CH1CH2CH3CH4CH5CH6CH7CH8CH9CH10CH11CH12CH13CH14CH15CH16 KO,RX1 Overload, RX2 Overload, SBUS Overload, RX1 Failsafe, RX1 Lost Frame, RX2 Failsafe, RX2 Lost Frame, RX1 Connection Lost, RX2 Connection Lost, RX1 No Signal, RX2 No Signal, RX3 Failsafe, RX3 Lost Frame, RX3 Connection Lost, RX3 No Signal,7.52,-2.62,,,,,,,,,800,80000,0,1.75,4.30,0.18,35,-116,-116,1,-116,5,0,18,-116,-55,0,0,0,0,0,0,0,0,0,-1,-1,-1,-1,-1,-1,-1,-1,-1,-1,0,0,1,1,0,
2024-12-12,11:23:42.380,7.50,64,0,32,100,5.38,3.20,3.20,,,,,,,3.20,3.20,3.20,3.20,3.20,3.20,,,0.00,1.04,360,36.0,31.212543 -21.765524,2022-08-02 20:01:07,20.480,0.00,0.16,36.00,80.0,8.00,CH1CH2CH3CH4CH5CH6CH7CH8CH9CH10CH11CH12CH13CH14CH15CH16 KO,RX1 Overload, RX2 Overload, SBUS Overload, RX1 Failsafe, RX1 Lost Frame, RX2 Failsafe, RX2 Lost Frame, RX1 Connection Lost, RX2 Connection Lost, RX1 No Signal, RX2 No Signal, RX3 Failsafe, RX3 Lost Frame, RX3 Connection Lost, RX3 No Signal,7.52,-2.62,,,,,,,,,800,80000,0,1.75,4.30,0.18,35,-116,-116,1,-116,5,0,18,-116,-55,0,0,0,0,0,0,0,0,0,-1,-1,-1,-1,-1,-1,-1,-1,-1,-1,0,0,1,1,0,
2024-12-12,11:23:42.640,7.50,64,0,32,100,5.38,3.20,3.20,,,,,,,3.20,3.20,3.20,3.20,3.20,3.20,,,0.00,1.04,360,36.0,31.212543 -21.765524,2022-08-02 20:01:07,20.480,0.00,0.16,36.00,80.0,8.00,CH1CH2CH3CH4CH5CH6CH7CH8CH9CH10CH11CH12CH13CH14CH15CH16 KO,RX1 Overload, RX2 Overload, SBUS Overload, RX1 Failsafe, RX1 Lost Frame, RX2 Failsafe, RX2 Lost Frame, RX1 Connection Lost, RX2 Connection Lost, RX1 No Signal, RX2 No Signal, RX3 Failsafe, RX3 Lost Frame, RX3 Connection Lost, RX3 No Signal,7.52,-2.62,,,,,,,,,800,80000,0,1.75,4.30,0.18,35,-116,-116,1,-116,5,0,18,-116,-55,0,0,0,0,0,0,0,0,0,-1,-1,-1,-1,-1,-1,-1,-1,-1,-1,0,0,1,1,0,
2024-12-12,11:23:42.910,7.50,64,0,32,100,5.38,3.20,3.20,,,,,,,3.20,3.20,3.20,3.20,3.20,3.20,,,0.00,1.04,360,36.0,31.212543 -21.765524,2022-08-02 20:01:07,20.480,0.00,0.16,36.00,80.0,8.00,CH1CH2CH3CH4CH5CH6CH7CH8CH9CH10CH11CH12CH13CH14CH15CH16 KO,RX1 Overload, RX2 Overload, SBUS Overload, RX1 Failsafe, RX1 Lost Frame, RX2 Failsafe, RX2 Lost Frame, RX1 Connection Lost, RX2 Connection Lost, RX1 No Signal, RX2 No Signal, RX3 Failsafe, RX3 Lost Frame, RX3 Connection Lost, RX3 No Signal,7.52,-2.62,,,,,,,,,800,80000,0,1.75,4.30,0.18,35,-116,-116,1,-116,5,0,18,-116,-55,0,0,0,0,0,0,0,0,0,-1,-1,-1,-1,-1,-1,-1,-1,-1,-1,0,0,1,1,0,
2024-12-12,11:23:43.180,7.50,64,0,32,100,5.38,3.20,3.20,,,,,,,3.20,3.20,3.20,3.20,3.20,3.20,,,0.00,1.04,360,36.0,31.212543 -21.765524,2022-08-02 20:01:07,20.480,0.00,0.16,36.00,80.0,8.00,CH1CH2CH3CH4CH5CH6CH7CH8CH9CH10CH11CH12CH13CH14CH15CH16 KO,RX1 Overload, RX2 Overload, SBUS Overload, RX1 Failsafe, RX1 Lost Frame, RX2 Failsafe, RX2 Lost Frame, RX1 Connection Lost, RX2 Connection Lost, RX1 No Signal, RX2 No Signal, RX3 Failsafe, RX3 Lost Frame, RX3 Connection Lost, RX3 No Signal,7.52,-2.62,,,,,,,,,800,80000,0,1.75,4.30,0.18,35,-116,-116,1,-116,5,0,18,-116,-55,0,0,0,0,0,0,0,0,0,-1,-1,-1,-1,-1,-1,-1,-1,-1,-1,0,0,1,1,0,
2024-12-12,11:23:43.450,7.50,64,0,32,100,5.38,3.20,3.20,,,,,,,3.20,3.20,3.20,3.20,3.20,3.20,,,0.00,1.04,360,36.0,31.212543 -21.765524,2022-08-02 20:01:07,20.480,0.00,0.16,36.00,80.0,8.00,CH1CH2CH3CH4CH5CH6CH7CH8CH9CH10CH11CH12CH13CH14CH15CH16 KO,RX1 Overload, RX2 Overload, SBUS Overload, RX1 Failsafe, RX1 Lost Frame, RX2 Failsafe, RX2 Lost Frame, RX1 Connection Lost, RX2 Connection Lost, RX1 No Signal, RX2 No Signal, RX3 Failsafe, RX3 Lost Frame, RX3 Connection Lost, RX3 No Signal,7.52,-2.62,,,,,,,,,800,80000,0,1.75,4.30,0.18,35,-116,-116,1,-116,5,0,18,-116,-55,0,0,0,0,0,0,0,0,0,-1,-1,-1,-1,-1,-1,-1,-1,-1,-1,0,0,1,1,0,
2024-12-12,11:23:43.710,7.50,64,0,32,100,5.38,3.20,3.20,,,,,,,3.20,3.20,3.20,3.20,3.20,3.20,,,0.00,1.04,360,36.0,31.212543 -21.765524,2022-08-02 20:01:07,20.480,0.00,0.16,36.00,80.0,8.00,CH1CH2CH3CH4CH5CH6CH7CH8CH9CH10CH11CH12CH13CH14CH15CH16 KO,RX1 Overload, RX2 Overload, SBUS Overload, RX1 Failsafe, RX1 Lost Frame, RX2 Failsafe, RX2 Lost Frame, RX1 Connection Lost, RX2 Connection Lost, RX1 No Signal, RX2 No Signal, RX3 Failsafe, RX3 Lost Frame, RX3 Connection Lost, RX3 No Signal,7.52,-2.62,,,,,,,,,800,80000,0,1.75,4.30,0.18,35,-116,-116,1,-116,5,0,18,-116,-55,0,0,0,0,0,0,0,0,0,-1,-1,-1,-1,-1,-1,-1,-1,-1,-1,0,0,1,1,0,
2024-12-12,11:23:43.980,7.50,64,0,32,100,5.38,3.20,3.20,,,,,,,3.20,3.20,3.20,3.20,3.20,3.20,,,0.00,1.04,360,36.0,31.212543 -21.765524,2022-08-02 20:01:07,20.480,0.00,0.16,36.00,80.0,8.00,CH1CH2CH3CH4CH5CH6CH7CH8CH9CH10CH11CH12CH13CH14CH15CH16 KO,RX1 Overload, RX2 Overload, SBUS Overload, RX1 Failsafe, RX1 Lost Frame, RX2 Failsafe, RX2 Lost Frame, RX1 Connection Lost, RX2 Connection Lost, RX1 No Signal, RX2 No Signal, RX3 Failsafe, RX3 Lost Frame, RX3 Connection Lost, RX3 No Signal,7.52,-2.62,,,,,,,,,800,80000,0,1.75,4.30,0.18,35,-116,-116,1,-116,5,0,18,-116,-55,0,0,0,0,0,0,0,0,0,-1,-1,-1,-1,-1,-1,-1,-1,-1,-1,0,0,1,1,0,
2024-12-12,11:23:44.250,7.50,64,0,32,100,5.38,3.20,3.20,,,,,,,3.20,3.20,3.20,3.20,3.20,3.20,,,0.00,1.04,360,36.0,31.212543 -21.765524,2022-08-02 20:01:07,20.480,0.00,0.16,36.00,80.0,8.00,CH1CH2CH3CH4CH5CH6CH7CH8CH9CH10CH11CH12CH13CH14CH15CH16 KO,RX1 Overload, RX2 Overload, SBUS Overload, RX1 Failsafe, RX1 Lost Frame, RX2 Failsafe, RX2 Lost Frame, RX1 Connection Lost, RX2 Connection Lost, RX1 No Signal, RX2 No Signal, RX3 Failsafe, RX3 Lost Frame, RX3 Connection Lost, RX3 No Signal,7.52,-2.62,,,,,,,,,800,80000,0,1.75,4.30,0.18,35,-116,-116,1,-116,5,0,18,-116,-55,0,0,0,0,0,0,0,0,0,-1,-1,-1,-1,-1,-1,-1,-1,-1,-1,0,0,1,1,0,
2024-12-12,11:23:44.520,7.50,64,0,32,100,5.38,3.20,3.20,,,,,,,3.20,3.20,3.20,3.20,3.20,3.20,,,0.00,1.04,360,36.0,31.212543 -21.765524,2022-08-02 20:01:07,20.480,0.00,0.16,36.00,80.0,8.00,CH1CH2CH3CH4CH5CH6CH7CH8CH9CH10CH11CH12CH13CH14CH15CH16 KO,RX1 Overload, RX2 Overload, SBUS Overload, RX1 Failsafe, RX1 Lost Frame, RX2 Failsafe, RX2 Lost Frame, RX1 Connection Lost, RX2 Connection Lost, RX1 No Signal, RX2 No Signal, RX3 Failsafe, RX3 Lost Frame, RX3 Connection Lost, RX3 No Signal,7.52,-2.62,,,,,,,,,800,80000,0,1.75,4.30,0.18,35,-116,-116,1,-116,5,0,18,-116,-55,0,0,0,0,0,0,0,0,0,-1,-1,-1,-1,-1,-1,-1,-1,-1,-1,0,0,1,1,0,
2024-12-12,11:23:44.790,7.50,64,0,32,100,5.38,3.20,3.20,,,,,,,3.20,3.20,3.20,3.20,3.20,3.20,,,0.00,1.04,360,36.0,31.212543 -21.765524,2022-08-02 20:01:07,20.480,0.00,0.16,36.00,80.0,8.00,CH1CH2CH3CH4CH5CH6CH7CH8CH9CH10CH11CH12CH13CH14CH15CH16 KO,RX1 Overload, RX2 Overload, SBUS Overload, RX1 Failsafe, RX1 Lost Frame, RX2 Failsafe, RX2 Lost Frame, RX1 Connection Lost, RX2 Connection Lost, RX1 No Signal, RX2 No Signal, RX3 Failsafe, RX3 Lost Frame, RX3 Connection Lost, RX3 No Signal,7.52,-2.62,,,,,,,,,800,80000,0,1.75,4.30,0.18,35,-116,-116,1,-116,5,0,18,-116,-55,0,0,0,0,0,0,0,0,0,-1,-1,-1,-1,-1,-1,-1,-1,-1,-1,0,0,1,1,0,
2024-12-12,11:23:45.050,7.50,64,0,32,100,5.38,3.20,3.20,,,,,,,3.20,3.20,3.20,3.20,3.20,3.20,,,0.00,1.04,360,36.0,31.212543 -21.765524,2022-08-02 20:01:07,20.480,0.00,0.16,36.00,80.0,8.00,CH1CH2CH3CH4CH5CH6CH7CH8CH9CH10CH11CH12CH13CH14CH15CH16 KO,RX1 Overload, RX2 Overload, SBUS Overload, RX1 Failsafe, RX1 Lost Frame, RX2 Failsafe, RX2 Lost Frame, RX1 Connection Lost, RX2 Connection Lost, RX1 No Signal, RX2 No Signal, RX3 Failsafe, RX3 Lost Frame, RX3 Connection Lost, RX3 No Signal,7.52,-2.62,,,,,,,,,800,80000,0,1.75,4.30,0.18,35,-116,-116,1,-116,5,0,18,-116,-55,0,0,0,0,0,0,0,0,0,-1,-1,-1,-1,-1,-1,-1,-1,-1,-1,0,0,1,1,0,
2024-12-12,11:23:45.320,7.50,64,0,32,100,5.38,3.20,3.20,,,,,,,3.20,3.20,3.20,3.20,3.20,3.20,,,0.00,1.04,360,36.0,31.212543 -21.765524,2022-08-02 20:01:07,20.480,0.00,0.16,36.00,80.0,8.00,CH1CH2CH3CH4CH5CH6CH7CH8CH9CH10CH11CH12CH13CH14CH15CH16 KO,RX1 Overload, RX2 Overload, SBUS Overload, RX1 Failsafe, RX1 Lost Frame, RX2 Failsafe, RX2 Lost Frame, RX1 Connection Lost, RX2 Connection Lost, RX1 No Signal, RX2 No Signal, RX3 Failsafe, RX3 Lost Frame, RX3 Connection Lost, RX3 No Signal,7.52,-2.62,,,,,,,,,800,80000,0,1.75,4.30,0.18,35,-116,-116,1,-116,5,0,18,-116,-55,0,0,0,0,0,0,0,0,0,-1,-1,-1,-1,-1,-1,-1,-1,-1,-1,0,0,1,1,0,
2024-12-12,11:23:45.590,7.50,64,0,32,100,5.38,3.20,3.20,,,,,,,3.20,3.20,3.20,3.20,3.20,3.20,,,0.00,1.04,360,36.0,31.212543 -21.765524,2022-08-02 20:01:07,20.480,0.00,0.16,36.00,80.0,8.00,CH1CH2CH3CH4CH5CH6CH7CH8CH9CH10CH11CH12CH13CH14CH15CH16 KO,RX1 Overload, RX2 Overload, SBUS Overload, RX1 Failsafe, RX1 Lost Frame, RX2 Failsafe, RX2 Lost Frame, RX1 Connection Lost, RX2 Connection Lost, RX1 No Signal, RX2 No Signal, RX3 Failsafe, RX3 Lost Frame, RX3 Connection Lost, RX3 No Signal,7.52,-2.62,,,,,,,,,800,80000,0,1.75,4.30,0.18,35,-116,-116,1,-116,5,0,18,-116,-55,0,0,0,0,0,0,0,0,0,-1,-1,-1,-1,-1,-1,-1,-1,-1,-1,0,0,1,1,0,
2024-12-12,11:23:45.860,7.50,64,0,32,100,5.38,3.20,3.20,,,,,,,3.20,3.20,3.20,3.20,3.20,3.20,,,0.00,1.04,360,36.0,31.212543 -21.765524,2022-08-02 20:01:07,20.480,0.00,0.16,36.00,80.0,8.00,CH1CH2CH3CH4CH5CH6CH7CH8CH9CH10CH11CH12CH13CH14CH15CH16 KO,RX1 Overload, RX2 Overload, SBUS Overload, RX1 Failsafe, RX1 Lost Frame, RX2 Failsafe, RX2 Lost Frame, RX1 Connection Lost, RX2 Connection Lost, RX1 No Signal, RX2 No Signal, RX3 Failsafe, RX3 Lost Frame, RX3 Connection Lost, RX3 No Signal,7.52,-2.62,,,,,,,,,800,80000,0,1.75,4.30,0.18,35,-116,-116,1,-116,5,0,18,-116,-55,0,0,0,0,0,0,0,0,0,-1,-1,-1,-1,-1,-1,-1,-1,-1,-1,0,0,1,1,0,
2024-12-12,11:23:46.120,7.50,64,0,32,100,5.38,3.20,3.20,,,,,,,3.20,3.20,3.20,3.20,3.20,3.20,,,0.00,1.04,360,36.0,31.212543 -21.765524,2022-08-02 20:01:07,20.480,0.00,0.16,36.00,80.0,8.00,CH1CH2CH3CH4CH5CH6CH7CH8CH9CH10CH11CH12CH13CH14CH15CH16 KO,RX1 Overload, RX2 Overload, SBUS Overload, RX1 Failsafe, RX1 Lost Frame, RX2 Failsafe, RX2 Lost Frame, RX1 Connection Lost, RX2 Connection Lost, RX1 No Signal, RX2 No Signal, RX3 Failsafe, RX3 Lost Frame, RX3 Connection Lost, RX3 No Signal,7.52,-2.62,,,,,,,,,800,80000,0,1.75,4.30,0.18,35,-116,-116,1,-116,5,0,18,-116,-55,0,0,0,0,0,0,0,0,0,-1,-1,-1,-1,-1,-1,-1,-1,-1,-1,0,0,1,1,0,
2024-12-12,11:23:46.380,7.50,64,0,32,100,5.38,3.20,3.20,,,,,,,3.20,3.20,3.20,3.20,3.20,3.20,,,0.00,1.04,360,36.0,31.212543 -21.765524,2022-08-02 20:01:07,20.480,0.00,0.16,36.00,80.0,8.00,CH1CH2CH3CH4CH5CH6CH7CH8CH9CH10CH11CH12CH13CH14CH15CH16 KO,RX1 Overload, RX2 Overload, SBUS Overload, RX1 Failsafe, RX1 Lost Frame, RX2 Failsafe, RX2 Lost Frame, RX1 Connection Lost, RX2 Connection Lost, RX1 No Signal, RX2 No Signal, RX3 Failsafe, RX3 Lost Frame, RX3 Connection Lost, RX3 No Signal,7.52,-2.62,,,,,,,,,800,80000,0,1.75,4.30,0.18,35,-116,-116,1,-116,5,0,18,-116,-55,0,0,0,0,0,0,0,0,0,-1,-1,-1,-1,-1,-1,-1,-1,-1,-1,0,0,1,1,0,
2024-12-12,11:23:46.650,7.50,64,0,32,100,5.38,3.20,3.20,,,,,,,3.20,3.20,3.20,3.20,3.20,3.20,,,0.00,1.04,360,36.0,31.212543 -21.765524,2022-08-02 20:01:07,20.480,0.00,0.16,36.00,80.0,8.00,CH1CH2CH3CH4CH5CH6CH7CH8CH9CH10CH11CH12CH13CH14CH15CH16 KO,RX1 Overload, RX2 Overload, SBUS Overload, RX1 Failsafe, RX1 Lost Frame, RX2 Failsafe, RX2 Lost Frame, RX1 Connection Lost, RX2 Connection Lost, RX1 No Signal, RX2 No Signal, RX3 Failsafe, RX3 Lost Frame, RX3 Connection Lost, RX3 No Signal,7.52,-2.62,,,,,,,,,800,80000,0,1.75,4.30,0.18,35,-116,-116,1,-116,5,0,18,-116,-55,0,0,0,0,0,0,0,0,0,-1,-1,-1,-1,-1,-1,-1,-1,-1,-1,0,0,1,1,0,
2024-12-12,11:23:46.920,7.50,64,0,32,100,5.38,3.20,3.20,,,,,,,3.20,3.20,3.20,3.20,3.20,3.20,,,0.00,1.04,360,36.0,31.212543 -21.765524,2022-08-02 20:01:07,20.480,0.00,0.16,36.00,80.0,8.00,CH1CH2CH3CH4CH5CH6CH7CH8CH9CH10CH11CH12CH13CH14CH15CH16 KO,RX1 Overload, RX2 Overload, SBUS Overload, RX1 Failsafe, RX1 Lost Frame, RX2 Failsafe, RX2 Lost Frame, RX1 Connection Lost, RX2 Connection Lost, RX1 No Signal, RX2 No Signal, RX3 Failsafe, RX3 Lost Frame, RX3 Connection Lost, RX3 No Signal,7.52,-2.62,,,,,,,,,800,80000,0,1.75,4.30,0.18,35,-116,-116,1,-116,5,0,18,-116,-55,0,0,0,0,0,0,0,0,0,-1,-1,-1,-1,-1,-1,-1,-1,-1,-1,0,0,1,1,0,
2024-12-12,11:23:47.190,7.50,64,0,32,100,5.38,3.20,3.20,,,,,,,3.20,3.20,3.20,3.20,3.20,3.20,,,0.00,1.04,360,36.0,31.212543 -21.765524,2022-08-02 20:01:07,20.480,0.00,0.16,36.00,80.0,8.00,CH1CH2CH3CH4CH5CH6CH7CH8CH9CH10CH11CH12CH13CH14CH15CH16 KO,RX1 Overload, RX2 Overload, SBUS Overload, RX1 Failsafe, RX1 Lost Frame, RX2 Failsafe, RX2 Lost Frame, RX1 Connection Lost, RX2 Connection Lost, RX1 No Signal, RX2 No Signal, RX3 Failsafe, RX3 Lost Frame, RX3 Connection Lost, RX3 No Signal,7.52,-2.62,,,,,,,,,800,80000,0,1.75,4.30,0.18,35,-116,-116,1,-116,5,0,18,-116,-55,0,0,0,0,0,0,0,0,0,-1,-1,-1,-1,-1,-1,-1,-1,-1,-1,0,0,1,1,0,
2024-12-12,11:23:47.460,7.50,64,0,32,100,5.38,3.20,3.20,,,,,,,3.20,3.20,3.20,3.20,3.20,3.20,,,0.00,1.04,360,36.0,31.212543 -21.765524,2022-08-02 20:01:07,20.480,0.00,0.16,36.00,80.0,8.00,CH1CH2CH3CH4CH5CH6CH7CH8CH9CH10CH11CH12CH13CH14CH15CH16 KO,RX1 Overload, RX2 Overload, SBUS Overload, RX1 Failsafe, RX1 Lost Frame, RX2 Failsafe, RX2 Lost Frame, RX1 Connection Lost, RX2 Connection Lost, RX1 No Signal, RX2 No Signal, RX3 Failsafe, RX3 Lost Frame, RX3 Connection Lost, RX3 No Signal,7.52,-2.62,,,,,,,,,800,80000,0,1.75,4.30,0.18,35,-116,-116,1,-116,5,0,18,-116,-55,0,0,0,0,0,0,0,0,0,-1,-1,-1,-1,-1,-1,-1,-1,-1,-1,0,0,1,1,0,
2024-12-12,11:23:47.730,7.50,64,0,32,100,5.38,3.20,3.20,,,,,,,3.20,3.20,3.20,3.20,3.20,3.20,,,0.00,1.04,360,36.0,31.212543 -21.765524,2022-08-02 20:01:07,20.480,0.00,0.16,36.00,80.0,8.00,CH1CH2CH3CH4CH5CH6CH7CH8CH9CH10CH11CH12CH13CH14CH15CH16 KO,RX1 Overload, RX2 Overload, SBUS Overload, RX1 Failsafe, RX1 Lost Frame, RX2 Failsafe, RX2 Lost Frame, RX1 Connection Lost, RX2 Connection Lost, RX1 No Signal, RX2 No Signal, RX3 Failsafe, RX3 Lost Frame, RX3 Connection Lost, RX3 No Signal,7.52,-2.62,,,,,,,,,800,80000,0,1.75,4.30,0.18,35,-116,-116,1,-116,5,0,18,-116,-55,0,0,0,0,0,0,0,0,0,-1,-1,-1,-1,-1,-1,-1,-1,-1,-1,0,0,1,1,0,
2024-12-12,11:23:47.990,7.50,64,0,32,100,5.38,3.20,3.20,,,,,,,3.20,3.20,3.20,3.20,3.20,3.20,,,0.00,1.04,360,36.0,31.212543 -21.765524,2022-08-02 20:01:07,20.480,0.00,0.16,36.00,80.0,8.00,CH1CH2CH3CH4CH5CH6CH7CH8CH9CH10CH11CH12CH13CH14CH15CH16 KO,RX1 Overload, RX2 Overload, SBUS Overload, RX1 Failsafe, RX1 Lost Frame, RX2 Failsafe, RX2 Lost Frame, RX1 Connection Lost, RX2 Connection Lost, RX1 No Signal, RX2 No Signal, RX3 Failsafe, RX3 Lost Frame, RX3 Connection Lost, RX3 No Signal,7.52,-2.62,,,,,,,,,800,80000,0,1.75,4.30,0.18,35,-116,-116,1,-116,5,0,18,-116,-55,0,0,0,0,0,0,0,0,0,-1,-1,-1,-1,-1,-1,-1,-1,-1,-1,0,0,1,1,0,
2024-12-12,11:23:48.260,7.50,64,0,32,100,5.38,3.20,3.20,,,,,,,3.20,3.20,3.20,3.20,3.20,3.20,,,0.00,1.04,360,36.0,31.212543 -21.765524,2022-08-02 20:01:07,20.480,0.00,0.16,36.00,80.0,8.00,CH1CH2CH3CH4CH5CH6CH7CH8CH9CH10CH11CH12CH13CH14CH15CH16 KO,RX1 Overload, RX2 Overload, SBUS Overload, RX1 Failsafe, RX1 Lost Frame, RX2 Failsafe, RX2 Lost Frame, RX1 Connection Lost, RX2 Connection Lost, RX1 No Signal, RX2 No Signal, RX3 Failsafe, RX3 Lost Frame, RX3 Connection Lost, RX3 No Signal,7.52,-2.62,,,,,,,,,800,80000,0,1.75,4.30,0.18,35,-116,-116,1,-116,5,0,18,-116,-55,0,0,0,0,0,0,0,0,0,-1,-1,-1,-1,-1,-1,-1,-1,-1,-1,0,0,1,1,0,
2024-12-12,11:23:48.520,7.50,64,0,32,100,5.38,3.20,3.20,,,,,,,3.20,3.20,3.20,3.20,3.20,3.20,,,0.00,1.04,360,36.0,31.212543 -21.765524,2022-08-02 20:01:07,20.480,0.00,0.16,36.00,80.0,8.00,CH1CH2CH3CH4CH5CH6CH7CH8CH9CH10CH11CH12CH13CH14CH15CH16 KO,RX1 Overload, RX2 Overload, SBUS Overload, RX1 Failsafe, RX1 Lost Frame, RX2 Failsafe, RX2 Lost Frame, RX1 Connection Lost, RX2 Connection Lost, RX1 No Signal, RX2 No Signal, RX3 Failsafe, RX3 Lost Frame, RX3 Connection Lost, RX3 No Signal,7.52,-2.62,,,,,,,,,800,80000,0,1.75,4.30,0.18,35,-116,-116,1,-116,5,0,18,-116,-55,0,0,0,0,0,0,0,0,0,-1,-1,-1,-1,-1,-1,-1,-1,-1,-1,0,0,1,1,0,
2024-12-12,11:23:48.790,7.50,64,0,32,100,5.38,3.20,3.20,,,,,,,3.20,3.20,3.20,3.20,3.20,3.20,,,0.00,1.04,360,36.0,31.212543 -21.765524,2022-08-02 20:01:07,20.480,0.00,0.16,36.00,80.0,8.00,CH1CH2CH3CH4CH5CH6CH7CH8CH9CH10CH11CH12CH13CH14CH15CH16 KO,RX1 Overload, RX2 Overload, SBUS Overload, RX1 Failsafe, RX1 Lost Frame, RX2 Failsafe, RX2 Lost Frame, RX1 Connection Lost, RX2 Connection Lost, RX1 No Signal, RX2 No Signal, RX3 Failsafe, RX3 Lost Frame, RX3 Connection Lost, RX3 No Signal,7.52,-2.62,,,,,,,,,800,80000,0,1.75,4.30,0.18,35,-116,-116,1,-116,5,0,18,-116,-55,0,0,0,0,0,0,0,0,0,-1,-1,-1,-1,-1,-1,-1,-1,-1,-1,0,0,1,1,0,
2024-12-12,11:23:49.050,7.50,64,0,32,100,5.38,3.20,3.20,,,,,,,3.20,3.20,3.20,3.20,3.20,3.20,,,0.00,1.04,360,36.0,31.212543 -21.765524,2022-08-02 20:01:07,20.480,0.00,0.16,36.00,80.0,8.00,CH1CH2CH3CH4CH5CH6CH7CH8CH9CH10CH11CH12CH13CH14CH15CH16 KO,RX1 Overload, RX2 Overload, SBUS Overload, RX1 Failsafe, RX1 Lost Frame, RX2 Failsafe, RX2 Lost Frame, RX1 Connection Lost, RX2 Connection Lost, RX1 No Signal, RX2 No Signal, RX3 Failsafe, RX3 Lost Frame, RX3 Connection Lost, RX3 No Signal,7.52,-2.62,,,,,,,,,800,80000,0,1.75,4.30,0.18,35,-116,-116,1,-116,5,0,18,-116,-55,0,0,0,0,0,0,0,0,0,-1,-1,-1,-1,-1,-1,-1,-1,-1,-1,0,0,1,1,0,
2024-12-12,11:23:49.310,7.50,64,0,32,100,5.38,3.20,3.20,,,,,,,3.20,3.20,3.20,3.20,3.20,3.20,,,0.00,1.04,360,36.0,31.212543 -21.765524,2022-08-02 20:01:07,20.480,0.00,0.16,36.00,80.0,8.00,CH1CH2CH3CH4CH5CH6CH7CH8CH9CH10CH11CH12CH13CH14CH15CH16 KO,RX1 Overload, RX2 Overload, SBUS Overload, RX1 Failsafe, RX1 Lost Frame, RX2 Failsafe, RX2 Lost Frame, RX1 Connection Lost, RX2 Connection Lost, RX1 No Signal, RX2 No Signal, RX3 Failsafe, RX3 Lost Frame, RX3 Connection Lost, RX3 No Signal,7.52,-2.62,,,,,,,,,800,80000,0,1.75,4.30,0.18,35,-116,-116,1,-116,5,0,18,-116,-55,0,0,0,0,0,0,0,0,0,-1,-1,-1,-1,-1,-1,-1,-1,-1,-1,0,0,1,1,0,
2024-12-12,11:23:49.580,7.50,64,0,32,100,5.38,3.20,3.20,,,,,,,3.20,3.20,3.20,3.20,3.20,3.20,,,0.00,1.04,360,36.0,31.212543 -21.765524,2022-08-02 20:01:07,20.480,0.00,0.16,36.00,80.0,8.00,CH1CH2CH3CH4CH5CH6CH7CH8CH9CH10CH11CH12CH13CH14CH15CH16 KO,RX1 Overload, RX2 Overload, SBUS Overload, RX1 Failsafe, RX1 Lost Frame, RX2 Failsafe, RX2 Lost Frame, RX1 Connection Lost, RX2 Connection Lost, RX1 No Signal, RX2 No Signal, RX3 Failsafe, RX3 Lost Frame, RX3 Connection Lost, RX3 No Signal,7.52,-2.62,,,,,,,,,800,80000,0,1.75,4.30,0.18,35,-116,-116,1,-116,5,0,18,-116,-55,0,0,0,0,0,0,0,0,0,-1,-1,-1,-1,-1,-1,-1,-1,-1,-1,0,0,1,1,0,
2024-12-12,11:23:49.850,7.50,64,0,32,100,5.38,3.20,3.20,,,,,,,3.20,3.20,3.20,3.20,3.20,3.20,,,0.00,1.04,360,36.0,31.212543 -21.765524,2022-08-02 20:01:07,20.480,0.00,0.16,36.00,80.0,8.00,CH1CH2CH3CH4CH5CH6CH7CH8CH9CH10CH11CH12CH13CH14CH15CH16 KO,RX1 Overload, RX2 Overload, SBUS Overload, RX1 Failsafe, RX1 Lost Frame, RX2 Failsafe, RX2 Lost Frame, RX1 Connection Lost, RX2 Connection Lost, RX1 No Signal, RX2 No Signal, RX3 Failsafe, RX3 Lost Frame, RX3 Connection Lost, RX3 No Signal,7.52,-2.62,,,,,,,,,800,80000,0,1.75,4.30,0.18,35,-116,-116,1,-116,5,0,18,-116,-55,0,0,0,0,0,0,0,0,0,-1,-1,-1,-1,-1,-1,-1,-1,-1,-1,0,0,1,1,0,
2024-12-12,11:23:50.120,7.50,64,0,32,100,5.38,3.20,3.20,,,,,,,3.20,3.20,3.20,3.20,3.20,3.20,,,0.00,1.04,360,36.0,31.212543 -21.765524,2022-08-02 20:01:07,20.480,0.00,0.16,36.00,80.0,8.00,CH1CH2CH3CH4CH5CH6CH7CH8CH9CH10CH11CH12CH13CH14CH15CH16 KO,RX1 Overload, RX2 Overload, SBUS Overload, RX1 Failsafe, RX1 Lost Frame, RX2 Failsafe, RX2 Lost Frame, RX1 Connection Lost, RX2 Connection Lost, RX1 No Signal, RX2 No Signal, RX3 Failsafe, RX3 Lost Frame, RX3 Connection Lost, RX3 No Signal,7.52,-2.62,,,,,,,,,800,80000,0,1.75,4.30,0.18,35,-116,-116,1,-116,5,0,18,-116,-55,0,0,0,0,0,0,0,0,0,-1,-1,-1,-1,-1,-1,-1,-1,-1,-1,0,0,1,1,0,
2024-12-12,11:23:50.390,7.50,64,0,32,100,5.38,3.20,3.20,,,,,,,3.20,3.20,3.20,3.20,3.20,3.20,,,0.00,1.04,360,36.0,31.212543 -21.765524,2022-08-02 20:01:07,20.480,0.00,0.16,36.00,80.0,8.00,CH1CH2CH3CH4CH5CH6CH7CH8CH9CH10CH11CH12CH13CH14CH15CH16 KO,RX1 Overload, RX2 Overload, SBUS Overload, RX1 Failsafe, RX1 Lost Frame, RX2 Failsafe, RX2 Lost Frame, RX1 Connection Lost, RX2 Connection Lost, RX1 No Signal, RX2 No Signal, RX3 Failsafe, RX3 Lost Frame, RX3 Connection Lost, RX3 No Signal,7.52,-2.62,,,,,,,,,800,80000,0,1.75,4.30,0.18,35,-116,-116,1,-116,5,0,18,-116,-55,0,0,0,0,0,0,0,0,0,-1,-1,-1,-1,-1,-1,-1,-1,-1,-1,0,0,1,1,0,
2024-12-12,11:23:50.650,7.50,64,0,32,100,5.38,3.20,3.20,,,,,,,3.20,3.20,3.20,3.20,3.20,3.20,,,0.00,1.04,360,36.0,31.212543 -21.765524,2022-08-02 20:01:07,20.480,0.00,0.16,36.00,80.0,8.00,CH1CH2CH3CH4CH5CH6CH7CH8CH9CH10CH11CH12CH13CH14CH15CH16 KO,RX1 Overload, RX2 Overload, SBUS Overload, RX1 Failsafe, RX1 Lost Frame, RX2 Failsafe, RX2 Lost Frame, RX1 Connection Lost, RX2 Connection Lost, RX1 No Signal, RX2 No Signal, RX3 Failsafe, RX3 Lost Frame, RX3 Connection Lost, RX3 No Signal,7.52,-2.62,,,,,,,,,800,80000,0,1.75,4.30,0.18,35,-116,-116,1,-116,5,0,18,-116,-55,0,0,0,0,0,0,0,0,0,-1,-1,-1,-1,-1,-1,-1,-1,-1,-1,0,0,1,1,0,
2024-12-12,11:23:50.920,7.50,64,0,32,100,5.38,3.20,3.20,,,,,,,3.20,3.20,3.20,3.20,3.20,3.20,,,0.00,1.04,360,36.0,31.212543 -21.765524,2022-08-02 20:01:07,20.480,0.00,0.16,36.00,80.0,8.00,CH1CH2CH3CH4CH5CH6CH7CH8CH9CH10CH11CH12CH13CH14CH15CH16 KO,RX1 Overload, RX2 Overload, SBUS Overload, RX1 Failsafe, RX1 Lost Frame, RX2 Failsafe, RX2 Lost Frame, RX1 Connection Lost, RX2 Connection Lost, RX1 No Signal, RX2 No Signal, RX3 Failsafe, RX3 Lost Frame, RX3 Connection Lost, RX3 No Signal,7.52,-2.62,,,,,,,,,800,80000,0,1.75,4.30,0.18,35,-116,-116,1,-116,5,0,18,-116,-55,0,0,0,0,0,0,0,0,0,-1,-1,-1,-1,-1,-1,-1,-1,-1,-1,0,0,1,1,0,
2024-12-12,11:23:51.180,7.50,64,0,32,100,5.38,3.20,3.20,,,,,,,3.20,3.20,3.20,3.20,3.20,3.20,,,0.00,1.04,360,36.0,31.212543 -21.765524,2022-08-02 20:01:07,20.480,0.00,0.16,36.00,80.0,8.00,CH1CH2CH3CH4CH5CH6CH7CH8CH9CH10CH11CH12CH13CH14CH15CH16 KO,RX1 Overload, RX2 Overload, SBUS Overload, RX1 Failsafe, RX1 Lost Frame, RX2 Failsafe, RX2 Lost Frame, RX1 Connection Lost, RX2 Connection Lost, RX1 No Signal, RX2 No Signal, RX3 Failsafe, RX3 Lost Frame, RX3 Connection Lost, RX3 No Signal,7.52,-2.62,,,,,,,,,800,80000,0,1.75,4.30,0.18,35,-116,-116,1,-116,5,0,18,-116,-55,0,0,0,0,0,0,0,0,0,-1,-1,-1,-1,-1,-1,-1,-1,-1,-1,0,0,1,1,0,
2024-12-12,11:23:51.440,7.50,64,0,32,100,5.38,3.20,3.20,,,,,,,3.20,3.20,3.20,3.20,3.20,3.20,,,0.00,1.04,360,36.0,31.212543 -21.765524,2022-08-02 20:01:07,20.480,0.00,0.16,36.00,80.0,8.00,CH1CH2CH3CH4CH5CH6CH7CH8CH9CH10CH11CH12CH13CH14CH15CH16 KO,RX1 Overload, RX2 Overload, SBUS Overload, RX1 Failsafe, RX1 Lost Frame, RX2 Failsafe, RX2 Lost Frame, RX1 Connection Lost, RX2 Connection Lost, RX1 No Signal, RX2 No Signal, RX3 Failsafe, RX3 Lost Frame, RX3 Connection Lost, RX3 No Signal,7.52,-2.62,,,,,,,,,800,80000,0,1.75,4.30,0.18,35,-116,-116,1,-116,5,0,18,-116,-55,0,0,0,0,0,0,0,0,0,-1,-1,-1,-1,-1,-1,-1,-1,-1,-1,0,0,1,1,0,
2024-12-12,11:23:51.710,7.50,64,0,32,100,5.38,3.20,3.20,,,,,,,3.20,3.20,3.20,3.20,3.20,3.20,,,0.00,1.04,360,36.0,31.212543 -21.765524,2022-08-02 20:01:07,20.480,0.00,0.16,36.00,80.0,8.00,CH1CH2CH3CH4CH5CH6CH7CH8CH9CH10CH11CH12CH13CH14CH15CH16 KO,RX1 Overload, RX2 Overload, SBUS Overload, RX1 Failsafe, RX1 Lost Frame, RX2 Failsafe, RX2 Lost Frame, RX1 Connection Lost, RX2 Connection Lost, RX1 No Signal, RX2 No Signal, RX3 Failsafe, RX3 Lost Frame, RX3 Connection Lost, RX3 No Signal,7.52,-2.62,,,,,,,,,800,80000,0,1.75,4.30,0.18,35,-116,-116,1,-116,5,0,18,-116,-55,0,0,0,0,0,0,0,0,0,-1,-1,-1,-1,-1,-1,-1,-1,-1,-1,0,0,1,1,0,
2024-12-12,11:23:51.980,7.50,64,0,32,100,5.38,3.20,3.20,,,,,,,3.20,3.20,3.20,3.20,3.20,3.20,,,0.00,1.04,360,36.0,31.212543 -21.765524,2022-08-02 20:01:07,20.480,0.00,0.16,36.00,80.0,8.00,CH1CH2CH3CH4CH5CH6CH7CH8CH9CH10CH11CH12CH13CH14CH15CH16 KO,RX1 Overload, RX2 Overload, SBUS Overload, RX1 Failsafe, RX1 Lost Frame, RX2 Failsafe, RX2 Lost Frame, RX1 Connection Lost, RX2 Connection Lost, RX1 No Signal, RX2 No Signal, RX3 Failsafe, RX3 Lost Frame, RX3 Connection Lost, RX3 No Signal,7.52,-2.62,,,,,,,,,800,80000,0,1.75,4.30,0.18,35,-116,-116,1,-116,5,0,18,-116,-55,0,0,0,0,0,0,0,0,0,-1,-1,-1,-1,-1,-1,-1,-1,-1,-1,0,0,1,1,0,
2024-12-12,11:23:52.240,7.50,64,0,32,100,5.38,3.20,3.20,,,,,,,3.20,3.20,3.20,3.20,3.20,3.20,,,0.00,1.04,360,36.0,31.212543 -21.765524,2022-08-02 20:01:07,20.480,0.00,0.16,36.00,80.0,8.00,CH1CH2CH3CH4CH5CH6CH7CH8CH9CH10CH11CH12CH13CH14CH15CH16 KO,RX1 Overload, RX2 Overload, SBUS Overload, RX1 Failsafe, RX1 Lost Frame, RX2 Failsafe, RX2 Lost Frame, RX1 Connection Lost, RX2 Connection Lost, RX1 No Signal, RX2 No Signal, RX3 Failsafe, RX3 Lost Frame, RX3 Connection Lost, RX3 No Signal,7.52,-2.62,,,,,,,,,800,80000,0,1.75,4.30,0.18,35,-116,-116,1,-116,5,0,18,-116,-55,0,0,0,0,0,0,0,0,0,-1,-1,-1,-1,-1,-1,-1,-1,-1,-1,0,0,1,1,0,
2024-12-12,11:23:52.510,7.50,64,0,32,100,5.38,3.20,3.20,,,,,,,3.20,3.20,3.20,3.20,3.20,3.20,,,0.00,1.04,360,36.0,31.212543 -21.765524,2022-08-02 20:01:07,20.480,0.00,0.16,36.00,80.0,8.00,CH1CH2CH3CH4CH5CH6CH7CH8CH9CH10CH11CH12CH13CH14CH15CH16 KO,RX1 Overload, RX2 Overload, SBUS Overload, RX1 Failsafe, RX1 Lost Frame, RX2 Failsafe, RX2 Lost Frame, RX1 Connection Lost, RX2 Connection Lost, RX1 No Signal, RX2 No Signal, RX3 Failsafe, RX3 Lost Frame, RX3 Connection Lost, RX3 No Signal,7.52,-2.62,,,,,,,,,800,80000,0,1.75,4.30,0.18,35,-116,-116,1,-116,5,0,18,-116,-55,0,0,0,0,0,0,0,0,0,-1,-1,-1,-1,-1,-1,-1,-1,-1,-1,0,0,1,1,0,
2024-12-12,11:23:52.780,7.50,64,0,32,100,5.38,3.20,3.20,,,,,,,3.20,3.20,3.20,3.20,3.20,3.20,,,0.00,1.04,360,36.0,31.212543 -21.765524,2022-08-02 20:01:07,20.480,0.00,0.16,36.00,80.0,8.00,CH1CH2CH3CH4CH5CH6CH7CH8CH9CH10CH11CH12CH13CH14CH15CH16 KO,RX1 Overload, RX2 Overload, SBUS Overload, RX1 Failsafe, RX1 Lost Frame, RX2 Failsafe, RX2 Lost Frame, RX1 Connection Lost, RX2 Connection Lost, RX1 No Signal, RX2 No Signal, RX3 Failsafe, RX3 Lost Frame, RX3 Connection Lost, RX3 No Signal,7.52,-2.62,,,,,,,,,800,80000,0,1.75,4.30,0.18,35,-116,-116,1,-116,5,0,18,-116,-55,0,0,0,0,0,0,0,0,0,-1,-1,-1,-1,-1,-1,-1,-1,-1,-1,0,0,1,1,0,
2024-12-12,11:23:53.050,7.50,64,0,32,100,5.38,3.20,3.20,,,,,,,3.20,3.20,3.20,3.20,3.20,3.20,,,0.00,1.04,360,36.0,31.212543 -21.765524,2022-08-02 20:01:07,20.480,0.00,0.16,36.00,80.0,8.00,CH1CH2CH3CH4CH5CH6CH7CH8CH9CH10CH11CH12CH13CH14CH15CH16 KO,RX1 Overload, RX2 Overload, SBUS Overload, RX1 Failsafe, RX1 Lost Frame, RX2 Failsafe, RX2 Lost Frame, RX1 Connection Lost, RX2 Connection Lost, RX1 No Signal, RX2 No Signal, RX3 Failsafe, RX3 Lost Frame, RX3 Connection Lost, RX3 No Signal,7.52,-2.62,,,,,,,,,800,80000,0,1.75,4.30,0.18,35,-116,-116,1,-116,5,0,18,-116,-55,0,0,0,0,0,0,0,0,0,-1,-1,-1,-1,-1,-1,-1,-1,-1,-1,0,0,1,1,0,
2024-12-12,11:23:53.320,7.50,64,0,32,100,5.38,3.20,3.20,,,,,,,3.20,3.20,3.20,3.20,3.20,3.20,,,0.00,1.04,360,36.0,31.212543 -21.765524,2022-08-02 20:01:07,20.480,0.00,0.16,36.00,80.0,8.00,CH1CH2CH3CH4CH5CH6CH7CH8CH9CH10CH11CH12CH13CH14CH15CH16 KO,RX1 Overload, RX2 Overload, SBUS Overload, RX1 Failsafe, RX1 Lost Frame, RX2 Failsafe, RX2 Lost Frame, RX1 Connection Lost, RX2 Connection Lost, RX1 No Signal, RX2 No Signal, RX3 Failsafe, RX3 Lost Frame, RX3 Connection Lost, RX3 No Signal,7.52,-2.62,,,,,,,,,800,80000,0,1.75,4.30,0.18,35,-116,-116,1,-116,5,0,18,-116,-55,0,0,0,0,0,0,0,0,0,-1,-1,-1,-1,-1,-1,-1,-1,-1,-1,0,0,1,1,0,
2024-12-12,11:23:53.580,7.50,64,0,32,100,5.38,3.20,3.20,,,,,,,3.20,3.20,3.20,3.20,3.20,3.20,,,0.00,1.04,360,36.0,31.212543 -21.765524,2022-08-02 20:01:07,20.480,0.00,0.16,36.00,80.0,8.00,CH1CH2CH3CH4CH5CH6CH7CH8CH9CH10CH11CH12CH13CH14CH15CH16 KO,RX1 Overload, RX2 Overload, SBUS Overload, RX1 Failsafe, RX1 Lost Frame, RX2 Failsafe, RX2 Lost Frame, RX1 Connection Lost, RX2 Connection Lost, RX1 No Signal, RX2 No Signal, RX3 Failsafe, RX3 Lost Frame, RX3 Connection Lost, RX3 No Signal,7.52,-2.62,,,,,,,,,800,80000,0,1.75,4.30,0.18,35,-116,-116,1,-116,5,0,18,-116,-55,0,0,0,0,0,0,0,0,0,-1,-1,-1,-1,-1,-1,-1,-1,-1,-1,0,0,1,1,0,
2024-12-12,11:23:53.850,7.50,64,0,32,100,5.38,3.20,3.20,,,,,,,3.20,3.20,3.20,3.20,3.20,3.20,,,0.00,1.04,360,36.0,31.212543 -21.765524,2022-08-02 20:01:07,20.480,0.00,0.16,36.00,80.0,8.00,CH1CH2CH3CH4CH5CH6CH7CH8CH9CH10CH11CH12CH13CH14CH15CH16 KO,RX1 Overload, RX2 Overload, SBUS Overload, RX1 Failsafe, RX1 Lost Frame, RX2 Failsafe, RX2 Lost Frame, RX1 Connection Lost, RX2 Connection Lost, RX1 No Signal, RX2 No Signal, RX3 Failsafe, RX3 Lost Frame, RX3 Connection Lost, RX3 No Signal,7.52,-2.62,,,,,,,,,800,80000,0,1.75,4.30,0.18,35,-116,-116,1,-116,5,0,18,-116,-55,0,0,0,0,0,0,0,0,0,-1,-1,-1,-1,-1,-1,-1,-1,-1,-1,0,0,1,1,0,
