Date,Time,TxBat(V),RSSI(dB),RX,SWR,VFR(%),RxBatt(V),LiPo1(V),LiPo2(V),LiPo3(V),LiPo4(V),LiPo5(V),LiPo6(V),LiPo7(V),LiPo8(V),LiPo1(V),LiPo2(V),LiPo3(V),LiPo4(V),LiPo5(V),LiPo6(V),LiPo7(V),LiPo8(V),Altitude(m),VSpeed(m/s),RPM(U/min),Current(A),GPS,GPS clock(),GPS speed(kn),GPS alt(m),GPS course(°),ADC2(V),Air speed(kn),VFAS(V),RB Ch. State(),RB State(),R.angle(°),P.angle(°),GASS temp1(°C),GASS temp2(°C),GASS RPM(U/min),GASS res. vol.(ml),GASS res. %(%),GASS flow(ml/min),GASS max flow(ml/min),GASS avg flow(ml/min),H.pressure(Pa),ESC RPM(U/min),ESC consumption(mAh),RxBatt1(V),RxBatt2(V),RxCurrent(A),Rx Quality(%),Rx RSSI1(dB),Rx RSSI2(dB),Antenna,Rx SNR(dB),RF Mode,Tx Power,Tx Quality(%),Tx RSSI(dB),Tx SNR(dB),SR,HR,Gas,QR,Pot1,Pot2,Pot3,Drehg. li.,Drehg. re.,SA,SB,SC,SD,SE,SF,SG,SH,SI,SJ,LS1,
2024-10-05,21:41:57.430,7.50,64,0,,,,,,,,,,,,,,,,,,,,,,,,,,,,,,,,,,,,,,,,,,,,,,,,,,,,,,,,,,,,0,0,0,0,0,0,0,0,0,-1,-1,-1,-1,-1,-1,-1,-1,-1,-1,1,
2024-10-05,21:41:57.900,7.50,64,0,32,100,5.38,,,,,,,,,,,,,,,,,,,,,,,,,,,,,,,,,,,,,,,,,,,,,,,,,,,,,,,,,0,0,0,0,0,0,0,0,0,-1,-1,-1,-1,-1,-1,-1,-1,-1,-1,1,
2024-10-05,21:41:58.170,7.50,64,0,32,100,5.38,3.20,3.20,,,,,,,3.20,3.20,3.20,3.20,3.20,3.20,,,0.00,1.04,360,36.0,,,,,,,,,,,,,,,,,,,,,,,,,,,,,,,,,,,,,0,0,0,0,0,0,0,0,0,-1,-1,-1,-1,-1,-1,-1,-1,-1,-1,1,
2024-10-05,21:41:58.430,7.50,64,0,32,100,5.38,3.20,3.20,,,,,,,3.20,3.20,3.20,3.20,3.20,3.20,,,0.00,1.04,360,36.0,31.212543 121.400051,2022-08-02 20:01:07,20.480,0.00,0.16,36.00,80.0,8.00,K1K2K3K4K5K6K7K8K9K10K11K12K13K14K15K16 KO,RX1 Overload, RX2 Overload, SBUS Overload, RX1 Failsafe, RX1 Lost Frame, RX2 Failsafe, RX2 Lost Frame, RX1 Connection Lost, RX2 Connection Lost, RX1 No Signal, RX2 No Signal, RX3 Failsafe, RX3 Lost Frame, RX3 Connection Lost, RX3 No Signal,7.52,-2.62,,,,,,,,,,,,,,,,,,,,,,,,,0,0,0,0,0,0,0,0,0,-1,-1,-1,-1,-1,-1,-1,-1,-1,-1,1,
2024-10-05,21:41:58.700,7.50,64,0,32,100,5.38,3.20,3.20,,,,,,,3.20,3.20,3.20,3.20,3.20,3.20,,,0.00,1.04,360,36.0,31.212543 121.400051,2022-08-02 20:01:07,20.480,0.00,0.16,36.00,80.0,8.00,K1K2K3K4K5K6K7K8K9K10K11K12K13K14K15K16 KO,RX1 Overload, RX2 Overload, SBUS Overload, RX1 Failsafe, RX1 Lost Frame, RX2 Failsafe, RX2 Lost Frame, RX1 Connection Lost, RX2 Connection Lost, RX1 No Signal, RX2 No Signal, RX3 Failsafe, RX3 Lost Frame, RX3 Connection Lost, RX3 No Signal,7.52,-2.62,,,,,,,,,800,80000,0,1.75,4.30,0.18,35,-116,-116,1,-116,5,0,18,-116,-55,0,0,0,0,0,0,0,0,0,-1,-1,-1,-1,-1,-1,-1,-1,-1,-1,1,
2024-10-05,21:41:58.970,7.50,64,0,32,100,5.38,3.20,3.20,,,,,,,3.20,3.20,3.20,3.20,3.20,3.20,,,0.00,1.04,360,36.0,31.212543 121.400051,2022-08-02 20:01:07,20.480,0.00,0.16,36.00,80.0,8.00,K1K2K3K4K5K6K7K8K9K10K11K12K13K14K15K16 KO,RX1 Overload, RX2 Overload, SBUS Overload, RX1 Failsafe, RX1 Lost Frame, RX2 Failsafe, RX2 Lost Frame, RX1 Connection Lost, RX2 Connection Lost, RX1 No Signal, RX2 No Signal, RX3 Failsafe, RX3 Lost Frame, RX3 Connection Lost, RX3 No Signal,7.52,-2.62,,,,,,,,,800,80000,0,1.75,4.30,0.18,35,-116,-116,1,-116,5,0,18,-116,-55,0,0,0,0,0,0,0,0,0,-1,-1,-1,-1,-1,-1,-1,-1,-1,-1,1,
2024-10-05,21:41:59.240,7.50,64,0,32,100,5.38,3.20,3.20,,,,,,,3.20,3.20,3.20,3.20,3.20,3.20,,,0.00,1.04,360,36.0,31.212543 121.400051,2022-08-02 20:01:07,20.480,0.00,0.16,36.00,80.0,8.00,K1K2K3K4K5K6K7K8K9K10K11K12K13K14K15K16 KO,RX1 Overload, RX2 Overload, SBUS Overload, RX1 Failsafe, RX1 Lost Frame, RX2 Failsafe, RX2 Lost Frame, RX1 Connection Lost, RX2 Connection Lost, RX1 No Signal, RX2 No Signal, RX3 Failsafe, RX3 Lost Frame, RX3 Connection Lost, RX3 No Signal,7.52,-2.62,,,,,,,,,800,80000,0,1.75,4.30,0.18,35,-116,-116,1,-116,5,0,18,-116,-55,0,0,0,0,0,0,0,0,0,-1,-1,-1,-1,-1,-1,-1,-1,-1,-1,1,
2024-10-05,21:41:59.500,7.50,64,0,32,100,5.38,3.20,3.20,,,,,,,3.20,3.20,3.20,3.20,3.20,3.20,,,0.00,1.04,360,36.0,31.212543 121.400051,2022-08-02 20:01:07,20.480,0.00,0.16,36.00,80.0,8.00,K1K2K3K4K5K6K7K8K9K10K11K12K13K14K15K16 KO,RX1 Overload, RX2 Overload, SBUS Overload, RX1 Failsafe, RX1 Lost Frame, RX2 Failsafe, RX2 Lost Frame, RX1 Connection Lost, RX2 Connection Lost, RX1 No Signal, RX2 No Signal, RX3 Failsafe, RX3 Lost Frame, RX3 Connection Lost, RX3 No Signal,7.52,-2.62,,,,,,,,,800,80000,0,1.75,4.30,0.18,35,-116,-116,1,-116,5,0,18,-116,-55,0,0,0,0,0,0,0,0,0,-1,-1,-1,-1,-1,-1,-1,-1,-1,-1,1,
2024-10-05,21:41:59.760,7.50,64,0,32,100,5.38,3.20,3.20,,,,,,,3.20,3.20,3.20,3.20,3.20,3.20,,,0.00,1.04,360,36.0,31.212543 121.400051,2022-08-02 20:01:07,20.480,0.00,0.16,36.00,80.0,8.00,K1K2K3K4K5K6K7K8K9K10K11K12K13K14K15K16 KO,RX1 Overload, RX2 Overload, SBUS Overload, RX1 Failsafe, RX1 Lost Frame, RX2 Failsafe, RX2 Lost Frame, RX1 Connection Lost, RX2 Connection Lost, RX1 No Signal, RX2 No Signal, RX3 Failsafe, RX3 Lost Frame, RX3 Connection Lost, RX3 No Signal,7.52,-2.62,,,,,,,,,800,80000,0,1.75,4.30,0.18,35,-116,-116,1,-116,5,0,18,-116,-55,0,0,0,0,0,0,0,0,0,-1,-1,-1,-1,-1,-1,-1,-1,-1,-1,1,
2024-10-05,21:42:00.030,7.50,64,0,32,100,5.38,3.20,3.20,,,,,,,3.20,3.20,3.20,3.20,3.20,3.20,,,0.00,1.04,360,36.0,31.212543 121.400051,2022-08-02 20:01:07,20.480,0.00,0.16,36.00,80.0,8.00,K1K2K3K4K5K6K7K8K9K10K11K12K13K14K15K16 KO,RX1 Overload, RX2 Overload, SBUS Overload, RX1 Failsafe, RX1 Lost Frame, RX2 Failsafe, RX2 Lost Frame, RX1 Connection Lost, RX2 Connection Lost, RX1 No Signal, RX2 No Signal, RX3 Failsafe, RX3 Lost Frame, RX3 Connection Lost, RX3 No Signal,7.52,-2.62,,,,,,,,,800,80000,0,1.75,4.30,0.18,35,-116,-116,1,-116,5,0,18,-116,-55,0,0,0,0,0,0,0,0,0,-1,-1,-1,-1,-1,-1,-1,-1,-1,-1,1,
2024-10-05,21:42:00.300,7.50,64,0,32,100,5.38,3.20,3.20,,,,,,,3.20,3.20,3.20,3.20,3.20,3.20,,,0.00,1.04,360,36.0,31.212543 121.400051,2022-08-02 20:01:07,20.480,0.00,0.16,36.00,80.0,8.00,K1K2K3K4K5K6K7K8K9K10K11K12K13K14K15K16 KO,RX1 Overload, RX2 Overload, SBUS Overload, RX1 Failsafe, RX1 Lost Frame, RX2 Failsafe, RX2 Lost Frame, RX1 Connection Lost, RX2 Connection Lost, RX1 No Signal, RX2 No Signal, RX3 Failsafe, RX3 Lost Frame, RX3 Connection Lost, RX3 No Signal,7.52,-2.62,,,,,,,,,800,80000,0,1.75,4.30,0.18,35,-116,-116,1,-116,5,0,18,-116,-55,0,0,0,0,0,0,0,0,0,-1,-1,-1,-1,-1,-1,-1,-1,-1,-1,1,
2024-10-05,21:42:00.570,7.50,64,0,32,100,5.38,3.20,3.20,,,,,,,3.20,3.20,3.20,3.20,3.20,3.20,,,0.00,1.04,360,36.0,31.212543 121.400051,2022-08-02 20:01:07,20.480,0.00,0.16,36.00,80.0,8.00,K1K2K3K4K5K6K7K8K9K10K11K12K13K14K15K16 KO,RX1 Overload, RX2 Overload, SBUS Overload, RX1 Failsafe, RX1 Lost Frame, RX2 Failsafe, RX2 Lost Frame, RX1 Connection Lost, RX2 Connection Lost, RX1 No Signal, RX2 No Signal, RX3 Failsafe, RX3 Lost Frame, RX3 Connection Lost, RX3 No Signal,7.52,-2.62,,,,,,,,,800,80000,0,1.75,4.30,0.18,35,-116,-116,1,-116,5,0,18,-116,-55,0,0,0,0,0,0,0,0,0,-1,-1,-1,-1,-1,-1,-1,-1,-1,-1,1,
2024-10-05,21:42:00.840,7.50,64,0,32,100,5.38,3.20,3.20,,,,,,,3.20,3.20,3.20,3.20,3.20,3.20,,,0.00,1.04,360,36.0,31.212543 121.400051,2022-08-02 20:01:07,20.480,0.00,0.16,36.00,80.0,8.00,K1K2K3K4K5K6K7K8K9K10K11K12K13K14K15K16 KO,RX1 Overload, RX2 Overload, SBUS Overload, RX1 Failsafe, RX1 Lost Frame, RX2 Failsafe, RX2 Lost Frame, RX1 Connection Lost, RX2 Connection Lost, RX1 No Signal, RX2 No Signal, RX3 Failsafe, RX3 Lost Frame, RX3 Connection Lost, RX3 No Signal,7.52,-2.62,,,,,,,,,800,80000,0,1.75,4.30,0.18,35,-116,-116,1,-116,5,0,18,-116,-55,0,0,0,0,0,0,0,0,0,-1,-1,-1,-1,-1,-1,-1,-1,-1,-1,1,
2024-10-05,21:42:01.110,7.50,64,0,32,100,5.38,3.20,3.20,,,,,,,3.20,3.20,3.20,3.20,3.20,3.20,,,0.00,1.04,360,36.0,31.212543 121.400051,2022-08-02 20:01:07,20.480,0.00,0.16,36.00,80.0,8.00,K1K2K3K4K5K6K7K8K9K10K11K12K13K14K15K16 KO,RX1 Overload, RX2 Overload, SBUS Overload, RX1 Failsafe, RX1 Lost Frame, RX2 Failsafe, RX2 Lost Frame, RX1 Connection Lost, RX2 Connection Lost, RX1 No Signal, RX2 No Signal, RX3 Failsafe, RX3 Lost Frame, RX3 Connection Lost, RX3 No Signal,7.52,-2.62,,,,,,,,,800,80000,0,1.75,4.30,0.18,35,-116,-116,1,-116,5,0,18,-116,-55,0,0,0,0,0,0,0,0,0,-1,-1,-1,-1,-1,-1,-1,-1,-1,-1,1,
2024-10-05,21:42:01.380,7.50,64,0,32,100,5.38,3.20,3.20,,,,,,,3.20,3.20,3.20,3.20,3.20,3.20,,,0.00,1.04,360,36.0,31.212543 121.400051,2022-08-02 20:01:07,20.480,0.00,0.16,36.00,80.0,8.00,K1K2K3K4K5K6K7K8K9K10K11K12K13K14K15K16 KO,RX1 Overload, RX2 Overload, SBUS Overload, RX1 Failsafe, RX1 Lost Frame, RX2 Failsafe, RX2 Lost Frame, RX1 Connection Lost, RX2 Connection Lost, RX1 No Signal, RX2 No Signal, RX3 Failsafe, RX3 Lost Frame, RX3 Connection Lost, RX3 No Signal,7.52,-2.62,,,,,,,,,800,80000,0,1.75,4.30,0.18,35,-116,-116,1,-116,5,0,18,-116,-55,0,0,0,0,0,0,0,0,0,-1,-1,-1,-1,-1,-1,-1,-1,-1,-1,1,
2024-10-05,21:42:01.650,7.50,64,0,32,100,5.38,3.20,3.20,,,,,,,3.20,3.20,3.20,3.20,3.20,3.20,,,0.00,1.04,360,36.0,31.212543 121.400051,2022-08-02 20:01:07,20.480,0.00,0.16,36.00,80.0,8.00,K1K2K3K4K5K6K7K8K9K10K11K12K13K14K15K16 KO,RX1 Overload, RX2 Overload, SBUS Overload, RX1 Failsafe, RX1 Lost Frame, RX2 Failsafe, RX2 Lost Frame, RX1 Connection Lost, RX2 Connection Lost, RX1 No Signal, RX2 No Signal, RX3 Failsafe, RX3 Lost Frame, RX3 Connection Lost, RX3 No Signal,7.52,-2.62,,,,,,,,,800,80000,0,1.75,4.30,0.18,35,-116,-116,1,-116,5,0,18,-116,-55,0,0,0,0,0,0,0,0,0,-1,-1,-1,-1,-1,-1,-1,-1,-1,-1,1,
2024-10-05,21:42:01.920,7.50,64,0,32,100,5.38,3.20,3.20,,,,,,,3.20,3.20,3.20,3.20,3.20,3.20,,,0.00,1.04,360,36.0,31.212543 121.400051,2022-08-02 20:01:07,20.480,0.00,0.16,36.00,80.0,8.00,K1K2K3K4K5K6K7K8K9K10K11K12K13K14K15K16 KO,RX1 Overload, RX2 Overload, SBUS Overload, RX1 Failsafe, RX1 Lost Frame, RX2 Failsafe, RX2 Lost Frame, RX1 Connection Lost, RX2 Connection Lost, RX1 No Signal, RX2 No Signal, RX3 Failsafe, RX3 Lost Frame, RX3 Connection Lost, RX3 No Signal,7.52,-2.62,,,,,,,,,800,80000,0,1.75,4.30,0.18,35,-116,-116,1,-116,5,0,18,-116,-55,0,0,0,0,0,0,0,0,0,-1,-1,-1,-1,-1,-1,-1,-1,-1,-1,1,
2024-10-05,21:42:02.180,7.50,64,0,32,100,5.38,3.20,3.20,,,,,,,3.20,3.20,3.20,3.20,3.20,3.20,,,0.00,1.04,360,36.0,31.212543 121.400051,2022-08-02 20:01:07,20.480,0.00,0.16,36.00,80.0,8.00,K1K2K3K4K5K6K7K8K9K10K11K12K13K14K15K16 KO,RX1 Overload, RX2 Overload, SBUS Overload, RX1 Failsafe, RX1 Lost Frame, RX2 Failsafe, RX2 Lost Frame, RX1 Connection Lost, RX2 Connection Lost, RX1 No Signal, RX2 No Signal, RX3 Failsafe, RX3 Lost Frame, RX3 Connection Lost, RX3 No Signal,7.52,-2.62,,,,,,,,,800,80000,0,1.75,4.30,0.18,35,-116,-116,1,-116,5,0,18,-116,-55,0,0,0,0,0,0,0,0,0,-1,-1,-1,-1,-1,-1,-1,-1,-1,-1,1,
2024-10-05,21:42:02.450,7.50,64,0,32,100,5.38,3.20,3.20,,,,,,,3.20,3.20,3.20,3.20,3.20,3.20,,,0.00,1.04,360,36.0,31.212543 121.400051,2022-08-02 20:01:07,20.480,0.00,0.16,36.00,80.0,8.00,K1K2K3K4K5K6K7K8K9K10K11K12K13K14K15K16 KO,RX1 Overload, RX2 Overload, SBUS Overload, RX1 Failsafe, RX1 Lost Frame, RX2 Failsafe, RX2 Lost Frame, RX1 Connection Lost, RX2 Connection Lost, RX1 No Signal, RX2 No Signal, RX3 Failsafe, RX3 Lost Frame, RX3 Connection Lost, RX3 No Signal,7.52,-2.62,,,,,,,,,800,80000,0,1.75,4.30,0.18,35,-116,-116,1,-116,5,0,18,-116,-55,0,0,0,0,0,0,0,0,0,-1,-1,-1,-1,-1,-1,-1,-1,-1,-1,1,
2024-10-05,21:42:02.720,7.50,64,0,32,100,5.38,3.20,3.20,,,,,,,3.20,3.20,3.20,3.20,3.20,3.20,,,0.00,1.04,360,36.0,31.212543 121.400051,2022-08-02 20:01:07,20.480,0.00,0.16,36.00,80.0,8.00,K1K2K3K4K5K6K7K8K9K10K11K12K13K14K15K16 KO,RX1 Overload, RX2 Overload, SBUS Overload, RX1 Failsafe, RX1 Lost Frame, RX2 Failsafe, RX2 Lost Frame, RX1 Connection Lost, RX2 Connection Lost, RX1 No Signal, RX2 No Signal, RX3 Failsafe, RX3 Lost Frame, RX3 Connection Lost, RX3 No Signal,7.52,-2.62,,,,,,,,,800,80000,0,1.75,4.30,0.18,35,-116,-116,1,-116,5,0,18,-116,-55,0,0,0,0,0,0,0,0,0,-1,-1,-1,-1,-1,-1,-1,-1,-1,-1,1,
2024-10-05,21:42:02.990,7.50,64,0,32,100,5.38,3.20,3.20,,,,,,,3.20,3.20,3.20,3.20,3.20,3.20,,,0.00,1.04,360,36.0,31.212543 121.400051,2022-08-02 20:01:07,20.480,0.00,0.16,36.00,80.0,8.00,K1K2K3K4K5K6K7K8K9K10K11K12K13K14K15K16 KO,RX1 Overload, RX2 Overload, SBUS Overload, RX1 Failsafe, RX1 Lost Frame, RX2 Failsafe, RX2 Lost Frame, RX1 Connection Lost, RX2 Connection Lost, RX1 No Signal, RX2 No Signal, RX3 Failsafe, RX3 Lost Frame, RX3 Connection Lost, RX3 No Signal,7.52,-2.62,,,,,,,,,800,80000,0,1.75,4.30,0.18,35,-116,-116,1,-116,5,0,18,-116,-55,0,0,0,0,0,0,0,0,0,-1,-1,-1,-1,-1,-1,-1,-1,-1,-1,1,
2024-10-05,21:42:03.250,7.50,64,0,32,100,5.38,3.20,3.20,,,,,,,3.20,3.20,3.20,3.20,3.20,3.20,,,0.00,1.04,360,36.0,31.212543 121.400051,2022-08-02 20:01:07,20.480,0.00,0.16,36.00,80.0,8.00,K1K2K3K4K5K6K7K8K9K10K11K12K13K14K15K16 KO,RX1 Overload, RX2 Overload, SBUS Overload, RX1 Failsafe, RX1 Lost Frame, RX2 Failsafe, RX2 Lost Frame, RX1 Connection Lost, RX2 Connection Lost, RX1 No Signal, RX2 No Signal, RX3 Failsafe, RX3 Lost Frame, RX3 Connection Lost, RX3 No Signal,7.52,-2.62,,,,,,,,,800,80000,0,1.75,4.30,0.18,35,-116,-116,1,-116,5,0,18,-116,-55,0,0,0,0,0,0,0,0,0,-1,-1,-1,-1,-1,-1,-1,-1,-1,-1,1,
2024-10-05,21:42:03.510,7.50,64,0,32,100,5.38,3.20,3.20,,,,,,,3.20,3.20,3.20,3.20,3.20,3.20,,,0.00,1.04,360,36.0,31.212543 121.400051,2022-08-02 20:01:07,20.480,0.00,0.16,36.00,80.0,8.00,K1K2K3K4K5K6K7K8K9K10K11K12K13K14K15K16 KO,RX1 Overload, RX2 Overload, SBUS Overload, RX1 Failsafe, RX1 Lost Frame, RX2 Failsafe, RX2 Lost Frame, RX1 Connection Lost, RX2 Connection Lost, RX1 No Signal, RX2 No Signal, RX3 Failsafe, RX3 Lost Frame, RX3 Connection Lost, RX3 No Signal,7.52,-2.62,,,,,,,,,800,80000,0,1.75,4.30,0.18,35,-116,-116,1,-116,5,0,18,-116,-55,0,0,0,0,0,0,0,0,0,-1,-1,-1,-1,-1,-1,-1,-1,-1,-1,1,
2024-10-05,21:42:03.780,7.50,64,0,32,100,5.38,3.20,3.20,,,,,,,3.20,3.20,3.20,3.20,3.20,3.20,,,0.00,1.04,360,36.0,31.212543 121.400051,2022-08-02 20:01:07,20.480,0.00,0.16,36.00,80.0,8.00,K1K2K3K4K5K6K7K8K9K10K11K12K13K14K15K16 KO,RX1 Overload, RX2 Overload, SBUS Overload, RX1 Failsafe, RX1 Lost Frame, RX2 Failsafe, RX2 Lost Frame, RX1 Connection Lost, RX2 Connection Lost, RX1 No Signal, RX2 No Signal, RX3 Failsafe, RX3 Lost Frame, RX3 Connection Lost, RX3 No Signal,7.52,-2.62,,,,,,,,,800,80000,0,1.75,4.30,0.18,35,-116,-116,1,-116,5,0,18,-116,-55,0,0,0,0,0,0,0,0,0,-1,-1,-1,-1,-1,-1,-1,-1,-1,-1,1,
2024-10-05,21:42:04.040,7.50,64,0,32,100,5.38,3.20,3.20,,,,,,,3.20,3.20,3.20,3.20,3.20,3.20,,,0.00,1.04,360,36.0,31.212543 121.400051,2022-08-02 20:01:07,20.480,0.00,0.16,36.00,80.0,8.00,K1K2K3K4K5K6K7K8K9K10K11K12K13K14K15K16 KO,RX1 Overload, RX2 Overload, SBUS Overload, RX1 Failsafe, RX1 Lost Frame, RX2 Failsafe, RX2 Lost Frame, RX1 Connection Lost, RX2 Connection Lost, RX1 No Signal, RX2 No Signal, RX3 Failsafe, RX3 Lost Frame, RX3 Connection Lost, RX3 No Signal,7.52,-2.62,,,,,,,,,800,80000,0,1.75,4.30,0.18,35,-116,-116,1,-116,5,0,18,-116,-55,0,0,0,0,0,0,0,0,0,-1,-1,-1,-1,-1,-1,-1,-1,-1,-1,1,
2024-10-05,21:42:04.310,7.50,64,0,32,100,5.38,3.20,3.20,,,,,,,3.20,3.20,3.20,3.20,3.20,3.20,,,0.00,1.04,360,36.0,31.212543 121.400051,2022-08-02 20:01:07,20.480,0.00,0.16,36.00,80.0,8.00,K1K2K3K4K5K6K7K8K9K10K11K12K13K14K15K16 KO,RX1 Overload, RX2 Overload, SBUS Overload, RX1 Failsafe, RX1 Lost Frame, RX2 Failsafe, RX2 Lost Frame, RX1 Connection Lost, RX2 Connection Lost, RX1 No Signal, RX2 No Signal, RX3 Failsafe, RX3 Lost Frame, RX3 Connection Lost, RX3 No Signal,7.52,-2.62,,,,,,,,,800,80000,0,1.75,4.30,0.18,35,-116,-116,1,-116,5,0,18,-116,-55,0,0,0,0,0,0,0,0,0,-1,-1,-1,-1,-1,-1,-1,-1,-1,-1,1,
2024-10-05,21:42:04.570,7.50,64,0,32,100,5.38,3.20,3.20,,,,,,,3.20,3.20,3.20,3.20,3.20,3.20,,,0.00,1.04,360,36.0,31.212543 121.400051,2022-08-02 20:01:07,20.480,0.00,0.16,36.00,80.0,8.00,K1K2K3K4K5K6K7K8K9K10K11K12K13K14K15K16 KO,RX1 Overload, RX2 Overload, SBUS Overload, RX1 Failsafe, RX1 Lost Frame, RX2 Failsafe, RX2 Lost Frame, RX1 Connection Lost, RX2 Connection Lost, RX1 No Signal, RX2 No Signal, RX3 Failsafe, RX3 Lost Frame, RX3 Connection Lost, RX3 No Signal,7.52,-2.62,,,,,,,,,800,80000,0,1.75,4.30,0.18,35,-116,-116,1,-116,5,0,18,-116,-55,0,0,0,0,0,0,0,0,0,-1,-1,-1,-1,-1,-1,-1,-1,-1,-1,1,
2024-10-05,21:42:04.840,7.50,64,0,32,100,5.38,3.20,3.20,,,,,,,3.20,3.20,3.20,3.20,3.20,3.20,,,0.00,1.04,360,36.0,31.212543 121.400051,2022-08-02 20:01:07,20.480,0.00,0.16,36.00,80.0,8.00,K1K2K3K4K5K6K7K8K9K10K11K12K13K14K15K16 KO,RX1 Overload, RX2 Overload, SBUS Overload, RX1 Failsafe, RX1 Lost Frame, RX2 Failsafe, RX2 Lost Frame, RX1 Connection Lost, RX2 Connection Lost, RX1 No Signal, RX2 No Signal, RX3 Failsafe, RX3 Lost Frame, RX3 Connection Lost, RX3 No Signal,7.52,-2.62,,,,,,,,,800,80000,0,1.75,4.30,0.18,35,-116,-116,1,-116,5,0,18,-116,-55,0,0,0,0,0,0,0,0,0,-1,-1,-1,-1,-1,-1,-1,-1,-1,-1,1,
2024-10-05,21:42:05.110,7.50,64,0,32,100,5.38,3.20,3.20,,,,,,,3.20,3.20,3.20,3.20,3.20,3.20,,,0.00,1.04,360,36.0,31.212543 121.400051,2022-08-02 20:01:07,20.480,0.00,0.16,36.00,80.0,8.00,K1K2K3K4K5K6K7K8K9K10K11K12K13K14K15K16 KO,RX1 Overload, RX2 Overload, SBUS Overload, RX1 Failsafe, RX1 Lost Frame, RX2 Failsafe, RX2 Lost Frame, RX1 Connection Lost, RX2 Connection Lost, RX1 No Signal, RX2 No Signal, RX3 Failsafe, RX3 Lost Frame, RX3 Connection Lost, RX3 No Signal,7.52,-2.62,,,,,,,,,800,80000,0,1.75,4.30,0.18,35,-116,-116,1,-116,5,0,18,-116,-55,0,0,0,0,0,0,0,0,0,-1,-1,-1,-1,-1,-1,-1,-1,-1,-1,1,
2024-10-05,21:42:05.380,7.50,64,0,32,100,5.38,3.20,3.20,,,,,,,3.20,3.20,3.20,3.20,3.20,3.20,,,0.00,1.04,360,36.0,31.212543 121.400051,2022-08-02 20:01:07,20.480,0.00,0.16,36.00,80.0,8.00,K1K2K3K4K5K6K7K8K9K10K11K12K13K14K15K16 KO,RX1 Overload, RX2 Overload, SBUS Overload, RX1 Failsafe, RX1 Lost Frame, RX2 Failsafe, RX2 Lost Frame, RX1 Connection Lost, RX2 Connection Lost, RX1 No Signal, RX2 No Signal, RX3 Failsafe, RX3 Lost Frame, RX3 Connection Lost, RX3 No Signal,7.52,-2.62,,,,,,,,,800,80000,0,1.75,4.30,0.18,35,-116,-116,1,-116,5,0,18,-116,-55,0,0,0,0,0,0,0,0,0,-1,-1,-1,-1,-1,-1,-1,-1,-1,-1,1,
2024-10-05,21:42:05.640,7.50,64,0,32,100,5.38,3.20,3.20,,,,,,,3.20,3.20,3.20,3.20,3.20,3.20,,,0.00,1.04,360,36.0,31.212543 121.400051,2022-08-02 20:01:07,20.480,0.00,0.16,36.00,80.0,8.00,K1K2K3K4K5K6K7K8K9K10K11K12K13K14K15K16 KO,RX1 Overload, RX2 Overload, SBUS Overload, RX1 Failsafe, RX1 Lost Frame, RX2 Failsafe, RX2 Lost Frame, RX1 Connection Lost, RX2 Connection Lost, RX1 No Signal, RX2 No Signal, RX3 Failsafe, RX3 Lost Frame, RX3 Connection Lost, RX3 No Signal,7.52,-2.62,,,,,,,,,800,80000,0,1.75,4.30,0.18,35,-116,-116,1,-116,5,0,18,-116,-55,0,0,0,0,0,0,0,0,0,-1,-1,-1,-1,-1,-1,-1,-1,-1,-1,1,
2024-10-05,21:42:05.910,7.50,64,0,32,100,5.38,3.20,3.20,,,,,,,3.20,3.20,3.20,3.20,3.20,3.20,,,0.00,1.04,360,36.0,31.212543 121.400051,2022-08-02 20:01:07,20.480,0.00,0.16,36.00,80.0,8.00,K1K2K3K4K5K6K7K8K9K10K11K12K13K14K15K16 KO,RX1 Overload, RX2 Overload, SBUS Overload, RX1 Failsafe, RX1 Lost Frame, RX2 Failsafe, RX2 Lost Frame, RX1 Connection Lost, RX2 Connection Lost, RX1 No Signal, RX2 No Signal, RX3 Failsafe, RX3 Lost Frame, RX3 Connection Lost, RX3 No Signal,7.52,-2.62,,,,,,,,,800,80000,0,1.75,4.30,0.18,35,-116,-116,1,-116,5,0,18,-116,-55,0,0,0,0,0,0,0,0,0,-1,-1,-1,-1,-1,-1,-1,-1,-1,-1,1,
2024-10-05,21:42:06.170,7.50,64,0,32,100,5.38,3.20,3.20,,,,,,,3.20,3.20,3.20,3.20,3.20,3.20,,,0.00,1.04,360,36.0,31.212543 121.400051,2022-08-02 20:01:07,20.480,0.00,0.16,36.00,80.0,8.00,K1K2K3K4K5K6K7K8K9K10K11K12K13K14K15K16 KO,RX1 Overload, RX2 Overload, SBUS Overload, RX1 Failsafe, RX1 Lost Frame, RX2 Failsafe, RX2 Lost Frame, RX1 Connection Lost, RX2 Connection Lost, RX1 No Signal, RX2 No Signal, RX3 Failsafe, RX3 Lost Frame, RX3 Connection Lost, RX3 No Signal,7.52,-2.62,,,,,,,,,800,80000,0,1.75,4.30,0.18,35,-116,-116,1,-116,5,0,18,-116,-55,0,0,0,0,0,0,0,0,0,-1,-1,-1,-1,-1,-1,-1,-1,-1,-1,1,
2024-10-05,21:42:06.430,7.50,64,0,32,100,5.38,3.20,3.20,,,,,,,3.20,3.20,3.20,3.20,3.20,3.20,,,0.00,1.04,360,36.0,31.212543 121.400051,2022-08-02 20:01:07,20.480,0.00,0.16,36.00,80.0,8.00,K1K2K3K4K5K6K7K8K9K10K11K12K13K14K15K16 KO,RX1 Overload, RX2 Overload, SBUS Overload, RX1 Failsafe, RX1 Lost Frame, RX2 Failsafe, RX2 Lost Frame, RX1 Connection Lost, RX2 Connection Lost, RX1 No Signal, RX2 No Signal, RX3 Failsafe, RX3 Lost Frame, RX3 Connection Lost, RX3 No Signal,7.52,-2.62,,,,,,,,,800,80000,0,1.75,4.30,0.18,35,-116,-116,1,-116,5,0,18,-116,-55,0,0,0,0,0,0,0,0,0,-1,-1,-1,-1,-1,-1,-1,-1,-1,-1,1,
2024-10-05,21:42:06.700,7.50,64,0,32,100,5.38,3.20,3.20,,,,,,,3.20,3.20,3.20,3.20,3.20,3.20,,,0.00,1.04,360,36.0,31.212543 121.400051,2022-08-02 20:01:07,20.480,0.00,0.16,36.00,80.0,8.00,K1K2K3K4K5K6K7K8K9K10K11K12K13K14K15K16 KO,RX1 Overload, RX2 Overload, SBUS Overload, RX1 Failsafe, RX1 Lost Frame, RX2 Failsafe, RX2 Lost Frame, RX1 Connection Lost, RX2 Connection Lost, RX1 No Signal, RX2 No Signal, RX3 Failsafe, RX3 Lost Frame, RX3 Connection Lost, RX3 No Signal,7.52,-2.62,,,,,,,,,800,80000,0,1.75,4.30,0.18,35,-116,-116,1,-116,5,0,18,-116,-55,0,0,0,0,0,0,0,0,0,-1,-1,-1,-1,-1,-1,-1,-1,-1,-1,1,
2024-10-05,21:42:06.970,7.50,64,0,32,100,5.38,3.20,3.20,,,,,,,3.20,3.20,3.20,3.20,3.20,3.20,,,0.00,1.04,360,36.0,31.212543 121.400051,2022-08-02 20:01:07,20.480,0.00,0.16,36.00,80.0,8.00,K1K2K3K4K5K6K7K8K9K10K11K12K13K14K15K16 KO,RX1 Overload, RX2 Overload, SBUS Overload, RX1 Failsafe, RX1 Lost Frame, RX2 Failsafe, RX2 Lost Frame, RX1 Connection Lost, RX2 Connection Lost, RX1 No Signal, RX2 No Signal, RX3 Failsafe, RX3 Lost Frame, RX3 Connection Lost, RX3 No Signal,7.52,-2.62,,,,,,,,,800,80000,0,1.75,4.30,0.18,35,-116,-116,1,-116,5,0,18,-116,-55,0,0,0,0,0,0,0,0,0,-1,-1,-1,-1,-1,-1,-1,-1,-1,-1,1,
2024-10-05,21:42:07.230,7.50,64,0,32,100,5.38,3.20,3.20,,,,,,,3.20,3.20,3.20,3.20,3.20,3.20,,,0.00,1.04,360,36.0,31.212543 121.400051,2022-08-02 20:01:07,20.480,0.00,0.16,36.00,80.0,8.00,K1K2K3K4K5K6K7K8K9K10K11K12K13K14K15K16 KO,RX1 Overload, RX2 Overload, SBUS Overload, RX1 Failsafe, RX1 Lost Frame, RX2 Failsafe, RX2 Lost Frame, RX1 Connection Lost, RX2 Connection Lost, RX1 No Signal, RX2 No Signal, RX3 Failsafe, RX3 Lost Frame, RX3 Connection Lost, RX3 No Signal,7.52,-2.62,,,,,,,,,800,80000,0,1.75,4.30,0.18,35,-116,-116,1,-116,5,0,18,-116,-55,0,0,0,0,0,0,0,0,0,-1,-1,-1,-1,-1,-1,-1,-1,-1,-1,1,
2024-10-05,21:42:07.500,7.50,64,0,32,100,5.38,3.20,3.20,,,,,,,3.20,3.20,3.20,3.20,3.20,3.20,,,0.00,1.04,360,36.0,31.212543 121.400051,2022-08-02 20:01:07,20.480,0.00,0.16,36.00,80.0,8.00,K1K2K3K4K5K6K7K8K9K10K11K12K13K14K15K16 KO,RX1 Overload, RX2 Overload, SBUS Overload, RX1 Failsafe, RX1 Lost Frame, RX2 Failsafe, RX2 Lost Frame, RX1 Connection Lost, RX2 Connection Lost, RX1 No Signal, RX2 No Signal, RX3 Failsafe, RX3 Lost Frame, RX3 Connection Lost, RX3 No Signal,7.52,-2.62,,,,,,,,,800,80000,0,1.75,4.30,0.18,35,-116,-116,1,-116,5,0,18,-116,-55,0,0,0,0,0,0,0,0,0,-1,-1,-1,-1,-1,-1,-1,-1,-1,-1,1,
2024-10-05,21:42:07.770,7.50,64,0,32,100,5.38,3.20,3.20,,,,,,,3.20,3.20,3.20,3.20,3.20,3.20,,,0.00,1.04,360,36.0,31.212543 121.400051,2022-08-02 20:01:07,20.480,0.00,0.16,36.00,80.0,8.00,K1K2K3K4K5K6K7K8K9K10K11K12K13K14K15K16 KO,RX1 Overload, RX2 Overload, SBUS Overload, RX1 Failsafe, RX1 Lost Frame, RX2 Failsafe, RX2 Lost Frame, RX1 Connection Lost, RX2 Connection Lost, RX1 No Signal, RX2 No Signal, RX3 Failsafe, RX3 Lost Frame, RX3 Connection Lost, RX3 No Signal,7.52,-2.62,,,,,,,,,800,80000,0,1.75,4.30,0.18,35,-116,-116,1,-116,5,0,18,-116,-55,0,0,0,0,0,0,0,0,0,-1,-1,-1,-1,-1,-1,-1,-1,-1,-1,1,
2024-10-05,21:42:08.040,7.50,64,0,32,100,5.38,3.20,3.20,,,,,,,3.20,3.20,3.20,3.20,3.20,3.20,,,0.00,1.04,360,36.0,31.212543 121.400051,2022-08-02 20:01:07,20.480,0.00,0.16,36.00,80.0,8.00,K1K2K3K4K5K6K7K8K9K10K11K12K13K14K15K16 KO,RX1 Overload, RX2 Overload, SBUS Overload, RX1 Failsafe, RX1 Lost Frame, RX2 Failsafe, RX2 Lost Frame, RX1 Connection Lost, RX2 Connection Lost, RX1 No Signal, RX2 No Signal, RX3 Failsafe, RX3 Lost Frame, RX3 Connection Lost, RX3 No Signal,7.52,-2.62,,,,,,,,,800,80000,0,1.75,4.30,0.18,35,-116,-116,1,-116,5,0,18,-116,-55,0,0,0,0,0,0,0,0,0,-1,-1,-1,-1,-1,-1,-1,-1,-1,-1,1,
2024-10-05,21:42:08.310,7.50,64,0,32,100,5.38,3.20,3.20,,,,,,,3.20,3.20,3.20,3.20,3.20,3.20,,,0.00,1.04,360,36.0,31.212543 121.400051,2022-08-02 20:01:07,20.480,0.00,0.16,36.00,80.0,8.00,K1K2K3K4K5K6K7K8K9K10K11K12K13K14K15K16 KO,RX1 Overload, RX2 Overload, SBUS Overload, RX1 Failsafe, RX1 Lost Frame, RX2 Failsafe, RX2 Lost Frame, RX1 Connection Lost, RX2 Connection Lost, RX1 No Signal, RX2 No Signal, RX3 Failsafe, RX3 Lost Frame, RX3 Connection Lost, RX3 No Signal,7.52,-2.62,,,,,,,,,800,80000,0,1.75,4.30,0.18,35,-116,-116,1,-116,5,0,18,-116,-55,0,0,0,0,0,0,0,0,0,-1,-1,-1,-1,-1,-1,-1,-1,-1,-1,1,
2024-10-05,21:42:08.570,7.50,64,0,32,100,5.38,3.20,3.20,,,,,,,3.20,3.20,3.20,3.20,3.20,3.20,,,0.00,1.04,360,36.0,31.212543 121.400051,2022-08-02 20:01:07,20.480,0.00,0.16,36.00,80.0,8.00,K1K2K3K4K5K6K7K8K9K10K11K12K13K14K15K16 KO,RX1 Overload, RX2 Overload, SBUS Overload, RX1 Failsafe, RX1 Lost Frame, RX2 Failsafe, RX2 Lost Frame, RX1 Connection Lost, RX2 Connection Lost, RX1 No Signal, RX2 No Signal, RX3 Failsafe, RX3 Lost Frame, RX3 Connection Lost, RX3 No Signal,7.52,-2.62,,,,,,,,,800,80000,0,1.75,4.30,0.18,35,-116,-116,1,-116,5,0,18,-116,-55,0,0,0,0,0,0,0,0,0,-1,-1,-1,-1,-1,-1,-1,-1,-1,-1,1,
2024-10-05,21:42:08.840,7.50,64,0,32,100,5.38,3.20,3.20,,,,,,,3.20,3.20,3.20,3.20,3.20,3.20,,,0.00,1.04,360,36.0,31.212543 121.400051,2022-08-02 20:01:07,20.480,0.00,0.16,36.00,80.0,8.00,K1K2K3K4K5K6K7K8K9K10K11K12K13K14K15K16 KO,RX1 Overload, RX2 Overload, SBUS Overload, RX1 Failsafe, RX1 Lost Frame, RX2 Failsafe, RX2 Lost Frame, RX1 Connection Lost, RX2 Connection Lost, RX1 No Signal, RX2 No Signal, RX3 Failsafe, RX3 Lost Frame, RX3 Connection Lost, RX3 No Signal,7.52,-2.62,,,,,,,,,800,80000,0,1.75,4.30,0.18,35,-116,-116,1,-116,5,0,18,-116,-55,0,0,0,0,0,0,0,0,0,-1,-1,-1,-1,-1,-1,-1,-1,-1,-1,1,
2024-10-05,21:42:09.110,7.50,64,0,32,100,5.38,3.20,3.20,,,,,,,3.20,3.20,3.20,3.20,3.20,3.20,,,0.00,1.04,360,36.0,31.212543 121.400051,2022-08-02 20:01:07,20.480,0.00,0.16,36.00,80.0,8.00,K1K2K3K4K5K6K7K8K9K10K11K12K13K14K15K16 KO,RX1 Overload, RX2 Overload, SBUS Overload, RX1 Failsafe, RX1 Lost Frame, RX2 Failsafe, RX2 Lost Frame, RX1 Connection Lost, RX2 Connection Lost, RX1 No Signal, RX2 No Signal, RX3 Failsafe, RX3 Lost Frame, RX3 Connection Lost, RX3 No Signal,7.52,-2.62,,,,,,,,,800,80000,0,1.75,4.30,0.18,35,-116,-116,1,-116,5,0,18,-116,-55,0,0,0,0,0,0,0,0,0,-1,-1,-1,-1,-1,-1,-1,-1,-1,-1,1,
2024-10-05,21:42:09.380,7.50,64,0,32,100,5.38,3.20,3.20,,,,,,,3.20,3.20,3.20,3.20,3.20,3.20,,,0.00,1.04,360,36.0,31.212543 121.400051,2022-08-02 20:01:07,20.480,0.00,0.16,36.00,80.0,8.00,K1K2K3K4K5K6K7K8K9K10K11K12K13K14K15K16 KO,RX1 Overload, RX2 Overload, SBUS Overload, RX1 Failsafe, RX1 Lost Frame, RX2 Failsafe, RX2 Lost Frame, RX1 Connection Lost, RX2 Connection Lost, RX1 No Signal, RX2 No Signal, RX3 Failsafe, RX3 Lost Frame, RX3 Connection Lost, RX3 No Signal,7.52,-2.62,,,,,,,,,800,80000,0,1.75,4.30,0.18,35,-116,-116,1,-116,5,0,18,-116,-55,0,0,0,0,0,0,0,0,0,-1,-1,-1,-1,-1,-1,-1,-1,-1,-1,1,
2024-10-05,21:42:09.640,7.50,64,0,32,100,5.38,3.20,3.20,,,,,,,3.20,3.20,3.20,3.20,3.20,3.20,,,0.00,1.04,360,36.0,31.212543 121.400051,2022-08-02 20:01:07,20.480,0.00,0.16,36.00,80.0,8.00,K1K2K3K4K5K6K7K8K9K10K11K12K13K14K15K16 KO,RX1 Overload, RX2 Overload, SBUS Overload, RX1 Failsafe, RX1 Lost Frame, RX2 Failsafe, RX2 Lost Frame, RX1 Connection Lost, RX2 Connection Lost, RX1 No Signal, RX2 No Signal, RX3 Failsafe, RX3 Lost Frame, RX3 Connection Lost, RX3 No Signal,7.52,-2.62,,,,,,,,,800,80000,0,1.75,4.30,0.18,35,-116,-116,1,-116,5,0,18,-116,-55,0,0,0,0,0,0,0,0,0,-1,-1,-1,-1,-1,-1,-1,-1,-1,-1,1,
2024-10-05,21:42:09.910,7.50,64,0,32,100,5.38,3.20,3.20,,,,,,,3.20,3.20,3.20,3.20,3.20,3.20,,,0.00,1.04,360,36.0,31.212543 121.400051,2022-08-02 20:01:07,20.480,0.00,0.16,36.00,80.0,8.00,K1K2K3K4K5K6K7K8K9K10K11K12K13K14K15K16 KO,RX1 Overload, RX2 Overload, SBUS Overload, RX1 Failsafe, RX1 Lost Frame, RX2 Failsafe, RX2 Lost Frame, RX1 Connection Lost, RX2 Connection Lost, RX1 No Signal, RX2 No Signal, RX3 Failsafe, RX3 Lost Frame, RX3 Connection Lost, RX3 No Signal,7.52,-2.62,,,,,,,,,800,80000,0,1.75,4.30,0.18,35,-116,-116,1,-116,5,0,18,-116,-55,0,0,0,0,0,0,0,0,0,-1,-1,-1,-1,-1,-1,-1,-1,-1,-1,1,
2024-10-05,21:42:10.180,7.50,64,0,32,100,5.38,3.20,3.20,,,,,,,3.20,3.20,3.20,3.20,3.20,3.20,,,0.00,1.04,360,36.0,31.212543 121.400051,2022-08-02 20:01:07,20.480,0.00,0.16,36.00,80.0,8.00,K1K2K3K4K5K6K7K8K9K10K11K12K13K14K15K16 KO,RX1 Overload, RX2 Overload, SBUS Overload, RX1 Failsafe, RX1 Lost Frame, RX2 Failsafe, RX2 Lost Frame, RX1 Connection Lost, RX2 Connection Lost, RX1 No Signal, RX2 No Signal, RX3 Failsafe, RX3 Lost Frame, RX3 Connection Lost, RX3 No Signal,7.52,-2.62,,,,,,,,,800,80000,0,1.75,4.30,0.18,35,-116,-116,1,-116,5,0,18,-116,-55,0,0,0,0,0,0,0,0,0,-1,-1,-1,-1,-1,-1,-1,-1,-1,-1,1,
2024-10-05,21:42:10.440,7.50,64,0,32,100,5.38,3.20,3.20,,,,,,,3.20,3.20,3.20,3.20,3.20,3.20,,,0.00,1.04,360,36.0,31.212543 121.400051,2022-08-02 20:01:07,20.480,0.00,0.16,36.00,80.0,8.00,K1K2K3K4K5K6K7K8K9K10K11K12K13K14K15K16 KO,RX1 Overload, RX2 Overload, SBUS Overload, RX1 Failsafe, RX1 Lost Frame, RX2 Failsafe, RX2 Lost Frame, RX1 Connection Lost, RX2 Connection Lost, RX1 No Signal, RX2 No Signal, RX3 Failsafe, RX3 Lost Frame, RX3 Connection Lost, RX3 No Signal,7.52,-2.62,,,,,,,,,800,80000,0,1.75,4.30,0.18,35,-116,-116,1,-116,5,0,18,-116,-55,0,0,0,0,0,0,0,0,0,-1,-1,-1,-1,-1,-1,-1,-1,-1,-1,1,
2024-10-05,21:42:10.710,7.50,64,0,32,100,5.38,3.20,3.20,,,,,,,3.20,3.20,3.20,3.20,3.20,3.20,,,0.00,1.04,360,36.0,31.212543 121.400051,2022-08-02 20:01:07,20.480,0.00,0.16,36.00,80.0,8.00,K1K2K3K4K5K6K7K8K9K10K11K12K13K14K15K16 KO,RX1 Overload, RX2 Overload, SBUS Overload, RX1 Failsafe, RX1 Lost Frame, RX2 Failsafe, RX2 Lost Frame, RX1 Connection Lost, RX2 Connection Lost, RX1 No Signal, RX2 No Signal, RX3 Failsafe, RX3 Lost Frame, RX3 Connection Lost, RX3 No Signal,7.52,-2.62,,,,,,,,,800,80000,0,1.75,4.30,0.18,35,-116,-116,1,-116,5,0,18,-116,-55,0,0,0,0,0,0,0,0,0,-1,-1,-1,-1,-1,-1,-1,-1,-1,-1,1,
2024-10-05,21:42:10.980,7.50,64,0,32,100,5.38,3.20,3.20,,,,,,,3.20,3.20,3.20,3.20,3.20,3.20,,,0.00,1.04,360,36.0,31.212543 121.400051,2022-08-02 20:01:07,20.480,0.00,0.16,36.00,80.0,8.00,K1K2K3K4K5K6K7K8K9K10K11K12K13K14K15K16 KO,RX1 Overload, RX2 Overload, SBUS Overload, RX1 Failsafe, RX1 Lost Frame, RX2 Failsafe, RX2 Lost Frame, RX1 Connection Lost, RX2 Connection Lost, RX1 No Signal, RX2 No Signal, RX3 Failsafe, RX3 Lost Frame, RX3 Connection Lost, RX3 No Signal,7.52,-2.62,,,,,,,,,800,80000,0,1.75,4.30,0.18,35,-116,-116,1,-116,5,0,18,-116,-55,0,0,0,0,0,0,0,0,0,-1,-1,-1,-1,-1,-1,-1,-1,-1,-1,1,
2024-10-05,21:42:11.250,7.50,64,0,32,100,5.38,3.20,3.20,,,,,,,3.20,3.20,3.20,3.20,3.20,3.20,,,0.00,1.04,360,36.0,31.212543 121.400051,2022-08-02 20:01:07,20.480,0.00,0.16,36.00,80.0,8.00,K1K2K3K4K5K6K7K8K9K10K11K12K13K14K15K16 KO,RX1 Overload, RX2 Overload, SBUS Overload, RX1 Failsafe, RX1 Lost Frame, RX2 Failsafe, RX2 Lost Frame, RX1 Connection Lost, RX2 Connection Lost, RX1 No Signal, RX2 No Signal, RX3 Failsafe, RX3 Lost Frame, RX3 Connection Lost, RX3 No Signal,7.52,-2.62,,,,,,,,,800,80000,0,1.75,4.30,0.18,35,-116,-116,1,-116,5,0,18,-116,-55,0,0,0,0,0,0,0,0,0,-1,-1,-1,-1,-1,-1,-1,-1,-1,-1,1,
2024-10-05,21:42:11.510,7.50,64,0,32,100,5.38,3.20,3.20,,,,,,,3.20,3.20,3.20,3.20,3.20,3.20,,,0.00,1.04,360,36.0,31.212543 121.400051,2022-08-02 20:01:07,20.480,0.00,0.16,36.00,80.0,8.00,K1K2K3K4K5K6K7K8K9K10K11K12K13K14K15K16 KO,RX1 Overload, RX2 Overload, SBUS Overload, RX1 Failsafe, RX1 Lost Frame, RX2 Failsafe, RX2 Lost Frame, RX1 Connection Lost, RX2 Connection Lost, RX1 No Signal, RX2 No Signal, RX3 Failsafe, RX3 Lost Frame, RX3 Connection Lost, RX3 No Signal,7.52,-2.62,,,,,,,,,800,80000,0,1.75,4.30,0.18,35,-116,-116,1,-116,5,0,18,-116,-55,0,0,0,0,0,0,0,0,0,-1,-1,-1,-1,-1,-1,-1,-1,-1,-1,1,
2024-10-05,21:42:11.780,7.50,64,0,32,100,5.38,3.20,3.20,,,,,,,3.20,3.20,3.20,3.20,3.20,3.20,,,0.00,1.04,360,36.0,31.212543 121.400051,2022-08-02 20:01:07,20.480,0.00,0.16,36.00,80.0,8.00,K1K2K3K4K5K6K7K8K9K10K11K12K13K14K15K16 KO,RX1 Overload, RX2 Overload, SBUS Overload, RX1 Failsafe, RX1 Lost Frame, RX2 Failsafe, RX2 Lost Frame, RX1 Connection Lost, RX2 Connection Lost, RX1 No Signal, RX2 No Signal, RX3 Failsafe, RX3 Lost Frame, RX3 Connection Lost, RX3 No Signal,7.52,-2.62,,,,,,,,,800,80000,0,1.75,4.30,0.18,35,-116,-116,1,-116,5,0,18,-116,-55,0,0,0,0,0,0,0,0,0,-1,-1,-1,-1,-1,-1,-1,-1,-1,-1,1,
2024-10-05,21:42:12.050,7.50,64,0,32,100,5.38,3.20,3.20,,,,,,,3.20,3.20,3.20,3.20,3.20,3.20,,,0.00,1.04,360,36.0,31.212543 121.400051,2022-08-02 20:01:07,20.480,0.00,0.16,36.00,80.0,8.00,K1K2K3K4K5K6K7K8K9K10K11K12K13K14K15K16 KO,RX1 Overload, RX2 Overload, SBUS Overload, RX1 Failsafe, RX1 Lost Frame, RX2 Failsafe, RX2 Lost Frame, RX1 Connection Lost, RX2 Connection Lost, RX1 No Signal, RX2 No Signal, RX3 Failsafe, RX3 Lost Frame, RX3 Connection Lost, RX3 No Signal,7.52,-2.62,,,,,,,,,800,80000,0,1.75,4.30,0.18,35,-116,-116,1,-116,5,0,18,-116,-55,0,0,0,0,0,0,0,0,0,-1,-1,-1,-1,-1,-1,-1,-1,-1,-1,1,
2024-10-05,21:42:12.310,7.50,64,0,32,100,5.38,3.20,3.20,,,,,,,3.20,3.20,3.20,3.20,3.20,3.20,,,0.00,1.04,360,36.0,31.212543 121.400051,2022-08-02 20:01:07,20.480,0.00,0.16,36.00,80.0,8.00,K1K2K3K4K5K6K7K8K9K10K11K12K13K14K15K16 KO,RX1 Overload, RX2 Overload, SBUS Overload, RX1 Failsafe, RX1 Lost Frame, RX2 Failsafe, RX2 Lost Frame, RX1 Connection Lost, RX2 Connection Lost, RX1 No Signal, RX2 No Signal, RX3 Failsafe, RX3 Lost Frame, RX3 Connection Lost, RX3 No Signal,7.52,-2.62,,,,,,,,,800,80000,0,1.75,4.30,0.18,35,-116,-116,1,-116,5,0,18,-116,-55,0,0,0,0,0,0,0,0,0,-1,-1,-1,-1,-1,-1,-1,-1,-1,-1,1,
2024-10-05,21:42:12.580,7.50,64,0,32,100,5.38,3.20,3.20,,,,,,,3.20,3.20,3.20,3.20,3.20,3.20,,,0.00,1.04,360,36.0,31.212543 121.400051,2022-08-02 20:01:07,20.480,0.00,0.16,36.00,80.0,8.00,K1K2K3K4K5K6K7K8K9K10K11K12K13K14K15K16 KO,RX1 Overload, RX2 Overload, SBUS Overload, RX1 Failsafe, RX1 Lost Frame, RX2 Failsafe, RX2 Lost Frame, RX1 Connection Lost, RX2 Connection Lost, RX1 No Signal, RX2 No Signal, RX3 Failsafe, RX3 Lost Frame, RX3 Connection Lost, RX3 No Signal,7.52,-2.62,,,,,,,,,800,80000,0,1.75,4.30,0.18,35,-116,-116,1,-116,5,0,18,-116,-55,0,0,0,0,0,0,0,0,0,-1,-1,-1,-1,-1,-1,-1,-1,-1,-1,1,
2024-10-05,21:42:12.850,7.50,64,0,32,100,5.38,3.20,3.20,,,,,,,3.20,3.20,3.20,3.20,3.20,3.20,,,0.00,1.04,360,36.0,31.212543 121.400051,2022-08-02 20:01:07,20.480,0.00,0.16,36.00,80.0,8.00,K1K2K3K4K5K6K7K8K9K10K11K12K13K14K15K16 KO,RX1 Overload, RX2 Overload, SBUS Overload, RX1 Failsafe, RX1 Lost Frame, RX2 Failsafe, RX2 Lost Frame, RX1 Connection Lost, RX2 Connection Lost, RX1 No Signal, RX2 No Signal, RX3 Failsafe, RX3 Lost Frame, RX3 Connection Lost, RX3 No Signal,7.52,-2.62,,,,,,,,,800,80000,0,1.75,4.30,0.18,35,-116,-116,1,-116,5,0,18,-116,-55,0,0,0,0,0,0,0,0,0,-1,-1,-1,-1,-1,-1,-1,-1,-1,-1,1,
2024-10-05,21:42:13.120,7.50,64,0,32,100,5.38,3.20,3.20,,,,,,,3.20,3.20,3.20,3.20,3.20,3.20,,,0.00,1.04,360,36.0,31.212543 121.400051,2022-08-02 20:01:07,20.480,0.00,0.16,36.00,80.0,8.00,K1K2K3K4K5K6K7K8K9K10K11K12K13K14K15K16 KO,RX1 Overload, RX2 Overload, SBUS Overload, RX1 Failsafe, RX1 Lost Frame, RX2 Failsafe, RX2 Lost Frame, RX1 Connection Lost, RX2 Connection Lost, RX1 No Signal, RX2 No Signal, RX3 Failsafe, RX3 Lost Frame, RX3 Connection Lost, RX3 No Signal,7.52,-2.62,,,,,,,,,800,80000,0,1.75,4.30,0.18,35,-116,-116,1,-116,5,0,18,-116,-55,0,0,0,0,0,0,0,0,0,-1,-1,-1,-1,-1,-1,-1,-1,-1,-1,1,
2024-10-05,21:42:13.380,7.50,64,0,32,100,5.38,3.20,3.20,,,,,,,3.20,3.20,3.20,3.20,3.20,3.20,,,0.00,1.04,360,36.0,31.212543 121.400051,2022-08-02 20:01:07,20.480,0.00,0.16,36.00,80.0,8.00,K1K2K3K4K5K6K7K8K9K10K11K12K13K14K15K16 KO,RX1 Overload, RX2 Overload, SBUS Overload, RX1 Failsafe, RX1 Lost Frame, RX2 Failsafe, RX2 Lost Frame, RX1 Connection Lost, RX2 Connection Lost, RX1 No Signal, RX2 No Signal, RX3 Failsafe, RX3 Lost Frame, RX3 Connection Lost, RX3 No Signal,7.52,-2.62,,,,,,,,,800,80000,0,1.75,4.30,0.18,35,-116,-116,1,-116,5,0,18,-116,-55,0,0,0,0,0,0,0,0,0,-1,-1,-1,-1,-1,-1,-1,-1,-1,-1,1,
2024-10-05,21:42:13.650,7.50,64,0,32,100,5.38,3.20,3.20,,,,,,,3.20,3.20,3.20,3.20,3.20,3.20,,,0.00,1.04,360,36.0,31.212543 121.400051,2022-08-02 20:01:07,20.480,0.00,0.16,36.00,80.0,8.00,K1K2K3K4K5K6K7K8K9K10K11K12K13K14K15K16 KO,RX1 Overload, RX2 Overload, SBUS Overload, RX1 Failsafe, RX1 Lost Frame, RX2 Failsafe, RX2 Lost Frame, RX1 Connection Lost, RX2 Connection Lost, RX1 No Signal, RX2 No Signal, RX3 Failsafe, RX3 Lost Frame, RX3 Connection Lost, RX3 No Signal,7.52,-2.62,,,,,,,,,800,80000,0,1.75,4.30,0.18,35,-116,-116,1,-116,5,0,18,-116,-55,0,0,0,0,0,0,0,0,0,-1,-1,-1,-1,-1,-1,-1,-1,-1,-1,1,
2024-10-05,21:42:13.920,7.50,64,0,32,100,5.38,3.20,3.20,,,,,,,3.20,3.20,3.20,3.20,3.20,3.20,,,0.00,1.04,360,36.0,31.212543 121.400051,2022-08-02 20:01:07,20.480,0.00,0.16,36.00,80.0,8.00,K1K2K3K4K5K6K7K8K9K10K11K12K13K14K15K16 KO,RX1 Overload, RX2 Overload, SBUS Overload, RX1 Failsafe, RX1 Lost Frame, RX2 Failsafe, RX2 Lost Frame, RX1 Connection Lost, RX2 Connection Lost, RX1 No Signal, RX2 No Signal, RX3 Failsafe, RX3 Lost Frame, RX3 Connection Lost, RX3 No Signal,7.52,-2.62,,,,,,,,,800,80000,0,1.75,4.30,0.18,35,-116,-116,1,-116,5,0,18,-116,-55,0,0,0,0,0,0,0,0,0,-1,-1,-1,-1,-1,-1,-1,-1,-1,-1,1,
2024-10-05,21:42:14.190,7.50,64,0,32,100,5.38,3.20,3.20,,,,,,,3.20,3.20,3.20,3.20,3.20,3.20,,,0.00,1.04,360,36.0,31.212543 121.400051,2022-08-02 20:01:07,20.480,0.00,0.16,36.00,80.0,8.00,K1K2K3K4K5K6K7K8K9K10K11K12K13K14K15K16 KO,RX1 Overload, RX2 Overload, SBUS Overload, RX1 Failsafe, RX1 Lost Frame, RX2 Failsafe, RX2 Lost Frame, RX1 Connection Lost, RX2 Connection Lost, RX1 No Signal, RX2 No Signal, RX3 Failsafe, RX3 Lost Frame, RX3 Connection Lost, RX3 No Signal,7.52,-2.62,,,,,,,,,800,80000,0,1.75,4.30,0.18,35,-116,-116,1,-116,5,0,18,-116,-55,0,0,0,0,0,0,0,0,0,-1,-1,-1,-1,-1,-1,-1,-1,-1,-1,1,
2024-10-05,21:42:14.460,7.50,64,0,32,100,5.38,3.20,3.20,,,,,,,3.20,3.20,3.20,3.20,3.20,3.20,,,0.00,1.04,360,36.0,31.212543 121.400051,2022-08-02 20:01:07,20.480,0.00,0.16,36.00,80.0,8.00,K1K2K3K4K5K6K7K8K9K10K11K12K13K14K15K16 KO,RX1 Overload, RX2 Overload, SBUS Overload, RX1 Failsafe, RX1 Lost Frame, RX2 Failsafe, RX2 Lost Frame, RX1 Connection Lost, RX2 Connection Lost, RX1 No Signal, RX2 No Signal, RX3 Failsafe, RX3 Lost Frame, RX3 Connection Lost, RX3 No Signal,7.52,-2.62,,,,,,,,,800,80000,0,1.75,4.30,0.18,35,-116,-116,1,-116,5,0,18,-116,-55,0,0,0,0,0,0,0,0,0,-1,-1,-1,-1,-1,-1,-1,-1,-1,-1,1,
